player_id,first_name,last_name,dob,dod,country_id,birthplace,height,weight,hand,backhand,active,turned_pro,coach,prize_money,nicknames,name,age,current_rank,current_rank_points,best_rank,best_rank_date,best_rank_points,best_rank_points_date,current_elo_rank,current_elo_rating,best_elo_rank,best_elo_rank_date,best_elo_rating,best_elo_rating_date,goat_rank,goat_points,weeks_at_no1,titles,big_titles,grand_slams,tour_finals,alt_finals,masters,olympics
4913,Andy,Murray,1987-05-15,,GBR,"Dunblane, Scotland",190.0,84.0,R,2,True,2005.0,Jamie Delgado,"US$62,152,513 4th all-time leader in earnings",Muzza,Andy Murray,12975 days,,,1.0,2016-11-07,12685.0,2016-11-21,17.0,2054.0,2.0,2009-04-19,2500.0,2016-11-21,13.0,315.0,41.0,46,20,3,1,0,14,2
5216,Juan Martin,Del Potro,1988-09-23,,ARG,"Tandil, Argentina",198.0,97.0,R,2,True,2005.0,Sebastian Prieto,"US$ 25,889,586 12th all-time leader in earnings","DelPo, Tower of Tandil",Juan Martin Del Potro,12481 days,,,3.0,2018-08-13,6825.0,2009-09-14,,,3.0,2010-06-07,2331.0,2009-09-14,32.0,110.0,0.0,22,2,1,0,0,1,0
4526,Stan,Wawrinka,1985-03-28,,SUI,"Lausanne, Switzerland",183.0,81.0,R,1,True,2002.0,Daniel Vallverdu,"US$34,778,261 6th all-time leader in earnings","Stan the Man, Stanimal",Stan Wawrinka,13752 days,81.0,822.0,3.0,2014-01-27,6865.0,2015-11-23,18.0,2052.0,5.0,2014-02-17,2291.0,2014-04-20,34.0,104.0,0.0,16,4,3,0,0,1,0
4541,Jo Wilfried,Tsonga,1985-04-17,,FRA,"Le Mans, France",188.0,91.0,R,2,True,2004.0,Sergi Bruguera,"US$ 22,210,076 17th all-time leader in earnings",Muhammad Ali,Jo Wilfried Tsonga,13732 days,,,5.0,2012-02-27,5230.0,2012-06-11,49.0,1925.0,6.0,2009-03-02,2244.0,2012-01-09,53.0,71.0,0.0,18,2,0,0,0,2,0
5220,Marin,Cilic,1988-09-28,,CRO,"Medjugorje, BIH",198.0,82.0,R,2,True,2005.0,Ivan Cinkus,"US$28,955,865  10th all-time leader in earnings",,Marin Cilic,12476 days,30.0,1710.0,3.0,2018-01-29,5155.0,2017-07-31,24.0,2021.0,6.0,2014-09-08,2232.0,2014-09-19,54.0,70.0,0.0,20,2,1,0,0,1,0
4752,Richard,Gasquet,1986-06-18,,FRA,"Beziers, France",183.0,75.0,R,1,True,2002.0,Thierry Ascione,"US$18,996,030 29th all-time leader in earnings",,Richard Gasquet,13306 days,86.0,807.0,7.0,2007-07-09,3365.0,2013-04-22,57.0,1901.0,9.0,2007-10-08,2196.0,2016-02-08,92.0,38.0,0.0,15,0,0,0,0,0,0
3990,Tommy,Robredo,1982-05-01,,ESP,"Hostalric, Spain",180.0,75.0,R,1,True,1998.0,Jose Luis Aparisi,"US$13,454,039",,Tommy Robredo,14813 days,,,5.0,2006-08-28,2770.0,2009-02-23,,,10.0,2006-05-22,2107.0,2009-06-08,105.0,32.0,0.0,12,1,0,0,0,1,0
6219,Dominic,Thiem,1993-09-03,,AUT,"Wiener Neustadt, Austria",185.0,82.0,R,1,True,2011.0,Nicolas Massu,"US$28,861,766  11th all-time in earnings",Dominator,Dominic Thiem,10676 days,15.0,2425.0,3.0,2020-03-02,9125.0,2020-09-14,8.0,2141.0,4.0,2020-02-03,2250.0,2020-11-23,45.0,81.0,0.0,17,2,1,0,0,1,0
5442,Kei,Nishikori,1989-12-29,,JPN,"Shimane, Japan",178.0,77.0,R,2,True,2007.0,Max Mirnyi,"US$25,036,447  15th all-time leader in earnings",,Kei Nishikori,12016 days,48.0,1210.0,4.0,2015-03-02,6385.0,2015-08-17,14.0,2063.0,4.0,2016-09-12,2296.0,2016-08-15,55.0,70.0,0.0,12,0,0,0,0,0,0
6407,Daniil,Medvedev,1996-02-11,,RUS,"Moscow, Russia",198.0,83.0,R,2,True,2014.0,Gilles Cervara,"US$19,793,705",Bear,Daniil Medvedev,9782 days,2.0,7640.0,2.0,2021-03-15,10780.0,2021-09-13,3.0,2287.0,3.0,2021-09-13,2289.0,2021-02-22,48.0,77.0,0.0,13,6,1,1,0,4,0
5670,Milos,Raonic,1990-12-27,,CAN,"Podgorica, Montenegro",196.0,98.0,R,2,True,2008.0,Mario Tudor,"US$ 20,207,052 22nd all-time leader in earnings","Missile, Sleeve",Milos Raonic,11653 days,70.0,884.0,3.0,2016-11-21,5450.0,2016-11-21,11.0,2077.0,5.0,2016-07-11,2269.0,2016-07-11,67.0,55.0,0.0,8,0,0,0,0,0,0
4544,John,Isner,1985-04-26,,USA,"Greensboro, North Carolina, U.S.",208.0,111.0,R,2,True,2007.0,David Macpherson,"US$20,044,639 23rd all-time leader in earnings",,John Isner,13723 days,24.0,1991.0,8.0,2018-07-16,3720.0,2018-07-16,21.0,2039.0,10.0,2012-04-13,2147.0,2012-08-26,75.0,49.0,0.0,16,1,0,0,0,1,0
26577,Stefanos,Tsitsipas,1998-08-12,,GRE,"Athens, Greece",193.0,85.0,R,1,True,2016.0,Patrick Mouratoglou,"US$ 15,747,937",The Greek God,Stefanos Tsitsipas,8873 days,4.0,6540.0,3.0,2021-08-09,8350.0,2021-08-16,6.0,2169.0,4.0,2021-06-13,2258.0,2021-06-13,74.0,49.0,0.0,7,2,0,1,0,1,0
4789,Gael,Monfils,1986-09-01,,FRA,"Paris, France",193.0,80.0,R,2,True,2004.0,Gunter Bresnik,"US$19,971,577 24th all-time leader in earnings",La Monf,Gael Monfils,13233 days,21.0,2158.0,6.0,2016-11-07,3815.0,2016-10-17,28.0,2001.0,7.0,2010-11-28,2189.0,2016-09-12,86.0,42.0,0.0,10,0,0,0,0,0,0
25897,Andrey,Rublev,1997-10-20,,RUS,"Moscow, Russia",188.0,85.0,R,2,True,2014.0,Fernando Vicente,"US$9,359,465",,Andrey Rublev,9170 days,5.0,4950.0,5.0,2021-09-13,6400.0,2021-08-23,10.0,2094.0,5.0,2020-11-02,2227.0,2021-03-08,118.0,27.0,0.0,8,0,0,0,0,0,0
9719,Maximilian,Marterer,1995-06-15,,GER,,191.0,,L,2,True,2015.0,,"$1,692,338",,Maximilian Marterer,10024 days,,,45.0,2018-08-13,1022.0,2018-08-06,164.0,1715.0,71.0,2018-06-18,1888.0,2018-06-11,,0.0,0.0,0,0,0,0,0,0,0
52444,Tomas,Machac,2000-10-13,,CZE,,183.0,,R,2,True,2017.0,,"$328,149",,Tomas Machac,8082 days,,,131.0,2021-11-08,556.0,2021-08-09,,,,,,,,0.0,0.0,0,0,0,0,0,0,0
5476,Facundo,Bagnis,1990-02-27,,ARG,,,,L,2,True,2007.0,,"US$1,637,945",,Facundo Bagnis,11955 days,76.0,863.0,55.0,2016-11-14,985.0,2021-09-13,138.0,1749.0,105.0,2021-04-04,1804.0,2021-03-15,,0.0,0.0,0,0,0,0,0,0,0
5888,James,Duckworth,1992-01-21,,AUS,,183.0,,R,2,True,2010.0,,"$2,420,652",,James Duckworth,11264 days,49.0,1176.0,47.0,2021-11-08,1244.0,2021-11-08,65.0,1887.0,65.0,2021-11-14,1887.0,2021-11-08,,0.0,0.0,0,0,0,0,0,0,0
52642,Holger Vitus Nodskov,Rune,2003-04-29,,DEN,,188.0,,R,2,True,2020.0,,"$116,132",,Holger Vitus Nodskov Rune,7150 days,,,109.0,2021-11-08,715.0,2021-11-08,150.0,1736.0,138.0,2021-09-27,1753.0,2021-09-27,,0.0,0.0,0,0,0,0,0,0,0
5868,Stefano,Travaglia,1991-12-18,,ITA,,185.0,,R,2,True,2008.0,,"$1,846,784",,Stefano Travaglia,11297 days,78.0,846.0,60.0,2021-02-08,1039.0,2021-04-19,146.0,1740.0,66.0,2021-02-08,1879.0,2021-02-08,,0.0,0.0,0,0,0,0,0,0,0
26426,Alexander,Erler,1997-10-27,,AUT,,,,R,2,True,,,"$92,267",,Alexander Erler,9163 days,,,320.0,2021-08-16,158.0,2021-08-02,,,,,,,,0.0,0.0,0,0,0,0,0,0,0
26017,Alejandro,Tabilo,1997-06-02,,CHI,,188.0,,L,2,True,,,"$314,433",,Alejandro Tabilo,9307 days,,,140.0,2021-11-08,480.0,2021-11-08,127.0,1767.0,126.0,2021-10-18,1767.0,2021-10-18,,0.0,0.0,0,0,0,0,0,0,0
50371,Thiago,Seyboth Wild,2000-03-10,,BRA,,185.0,,R,2,True,2018.0,,"US$354,600",,Thiago Seyboth Wild,8295 days,,,106.0,2020-09-14,695.0,2021-07-19,160.0,1722.0,114.0,2020-03-02,1804.0,2020-03-02,510.0,1.0,0.0,1,0,0,0,0,0,0
5718,Pierre Hugues,Herbert,1991-03-18,,FRA,,188.0,,R,2,True,2010.0,,"US$8,088,802",,Pierre Hugues Herbert,11572 days,,,36.0,2019-02-11,1168.0,2019-06-24,79.0,1851.0,32.0,2019-06-24,1989.0,2019-06-24,,0.0,0.0,0,0,0,0,0,0,0
47181,Michael,Vrbensky,1999-12-26,,CZE,,183.0,,R,2,True,,,"$85,572",,Michael Vrbensky,8369 days,,,282.0,2021-07-19,198.0,2021-07-19,,,,,,,,0.0,0.0,0,0,0,0,0,0,0
11762,Brayden,Schnur,1995-07-04,,CAN,,194.0,,R,2,True,2016.0,,"US$634,576",,Brayden Schnur,10005 days,,,92.0,2019-08-19,602.0,2019-11-04,189.0,1534.0,161.0,2019-02-18,1733.0,2019-02-18,,0.0,0.0,0,0,0,0,0,0,0
10726,Nikola,Milojevic,1995-06-19,,SRB,,188.0,,R,2,True,2013.0,,"US$ 836,309",,Nikola Milojevic,10020 days,,,129.0,2021-04-05,582.0,2021-04-05,152.0,1734.0,150.0,2021-05-23,1736.0,2021-04-26,,0.0,0.0,0,0,0,0,0,0,0
11553,Michael,Mmoh,1998-01-10,,USA,,188.0,,R,2,True,2016.0,,"$1,127,692",,Michael Mmoh,9085 days,,,96.0,2018-10-01,595.0,2018-10-01,141.0,1745.0,127.0,2021-02-22,1770.0,2021-02-22,,0.0,0.0,0,0,0,0,0,0,0
23588,Daniel Elahi,Galan Riveros,1996-06-18,,COL,,191.0,,R,2,True,2015.0,,"$899,724",,Daniel Elahi Galan Riveros,9656 days,,,102.0,2021-11-01,764.0,2021-05-17,104.0,1816.0,83.0,2021-05-30,1842.0,2021-05-03,,0.0,0.0,0,0,0,0,0,0,0
47168,Jenson,Brooksby,2000-10-26,,USA,,,,R,2,True,2021.0,,"US$323,490",,Jenson Brooksby,8069 days,56.0,1063.0,56.0,2021-11-01,1063.0,2021-11-15,51.0,1920.0,50.0,2021-10-25,1920.0,2021-10-25,,0.0,0.0,0,0,0,0,0,0,0
4664,Pablo,Andujar,1986-01-23,,ESP,,180.0,,R,2,True,2004.0,,"$6,205,856",,Pablo Andujar,13452 days,87.0,800.0,32.0,2015-07-13,1205.0,2015-07-13,93.0,1834.0,49.0,2014-10-27,1929.0,2015-07-13,282.0,6.0,0.0,4,0,0,0,0,0,0
46874,Adrian,Andreev,2001-05-12,,BUL,,180.0,,R,2,True,2016.0,,"US$95,474",,Adrian Andreev,7868 days,,,319.0,2021-09-13,158.0,2021-09-20,,,,,,,,0.0,0.0,0,0,0,0,0,0,0
5978,Ryan,Harrison,1992-05-07,,USA,,188.0,,R,2,True,2007.0,,"US$4,794,285",,Ryan Harrison,11158 days,,,40.0,2017-07-17,1160.0,2018-01-29,,,38.0,2017-02-27,1953.0,2018-03-05,510.0,1.0,0.0,1,0,0,0,0,0,0
4259,Philipp,Kohlschreiber,1983-10-16,,GER,,178.0,,R,1,True,2001.0,,"$13,531,727 50th all-time leader in earnings",,Philipp Kohlschreiber,14284 days,,,16.0,2012-07-30,2160.0,2009-01-05,72.0,1873.0,14.0,2016-05-02,2117.0,2016-05-02,223.0,9.0,0.0,8,0,0,0,0,0,0
6206,Dimitar,Kuzmanov,1993-07-28,,BUL,,183.0,,R,2,True,2009.0,,"US$ 338,544",,Dimitar Kuzmanov,10712 days,,,185.0,2021-11-01,367.0,2021-10-18,159.0,1723.0,156.0,2021-03-01,1723.0,2021-10-04,,0.0,0.0,0,0,0,0,0,0,0
3819,Roger,Federer,1981-08-08,,SUI,"Basel, Switzerland",185.0,85.0,R,1,True,1998.0,Ivan Ljubicic and Severin Luthi,"US$130,594,339 2nd all-time leader in earnings","FedExpress, Maestro",Roger Federer,15082 days,16.0,2385.0,1.0,2004-02-02,12315.0,2012-10-29,5.0,2258.0,1.0,2003-08-11,2550.0,2007-03-05,2.0,936.0,310.0,103,54,20,6,0,28,0
52891,Shintaro,Mochizuki,2003-06-02,,JPN,,,,R,2,True,,,"$32,692",,Shintaro Mochizuki,7117 days,,,387.0,2021-11-01,107.0,2021-09-27,,,,,,,,0.0,0.0,0,0,0,0,0,0,0
34623,Raul,Brancaccio,1997-05-04,,ITA,,183.0,,R,2,True,,,"$125,136",,Raul Brancaccio,9335 days,,,270.0,2019-08-19,184.0,2018-11-05,,,,,,,,0.0,0.0,0,0,0,0,0,0,0
46979,Maxime,Cressy,1997-05-08,,FRA,,198.0,,R,2,True,2019.0,,"$575,110",,Maxime Cressy,9332 days,,,128.0,2021-11-08,550.0,2021-11-08,92.0,1835.0,91.0,2021-10-18,1835.0,2021-10-18,,0.0,0.0,0,0,0,0,0,0,0
26455,Jay,Clarke,1998-07-27,,GBR,,188.0,,R,2,True,2016.0,,"$592,882",,Jay Clarke,8888 days,,,153.0,2019-07-22,361.0,2019-07-15,,,,,,,,0.0,0.0,0,0,0,0,0,0,0
52347,Jack,Draper,2001-12-22,,GBR,,192.0,,L,2,True,2018.0,,"$194,554",,Jack Draper,7643 days,,,250.0,2021-06-21,255.0,2021-06-21,,,,,,,,0.0,0.0,0,0,0,0,0,0,0
6379,Frederico,Ferreira Silva,1995-03-18,,POR,,178.0,,L,2,True,2010.0,,"$363,645",,Frederico Ferreira Silva,10112 days,,,168.0,2021-05-24,425.0,2021-05-24,,,173.0,2021-02-22,1670.0,2018-05-07,,0.0,0.0,0,0,0,0,0,0,0
44458,Alex,Molcan,1997-12-01,,SVK,,178.0,,L,2,True,,,"$410,922",,Alex Molcan,9128 days,,,106.0,2021-11-08,716.0,2021-11-08,109.0,1799.0,109.0,2021-11-08,1799.0,2021-09-13,,0.0,0.0,0,0,0,0,0,0,0
6213,Ji Sung,Nam,1993-08-15,,KOR,,,,R,2,True,,,"$205,175",,Ji Sung Nam,10695 days,,,236.0,2019-08-12,205.0,2021-01-04,,,,,,,,0.0,0.0,0,0,0,0,0,0,0
23949,Sebastian,Ofner,1996-05-12,,AUT,,191.0,,R,2,True,2015.0,,"$604,764",,Sebastian Ofner,9693 days,,,126.0,2019-05-06,486.0,2021-03-22,117.0,1793.0,95.0,2018-03-05,1839.0,2018-03-05,,0.0,0.0,0,0,0,0,0,0,0
5564,Ricardas,Berankis,1990-06-21,,LTU,,175.0,,R,2,True,2007.0,,"$3,754,560",,Ricardas Berankis,11843 days,,,50.0,2016-05-23,909.0,2021-02-08,98.0,1822.0,50.0,2013-04-15,1914.0,2013-02-08,,0.0,0.0,0,0,0,0,0,0,0
5528,Evgeny,Donskoy,1990-05-09,,RUS,,185.0,,R,2,True,2007.0,,"US$3,167,442",,Evgeny Donskoy,11886 days,,,65.0,2013-07-08,764.0,2016-08-01,170.0,1701.0,92.0,2015-10-26,1835.0,2015-10-26,,0.0,0.0,0,0,0,0,0,0,0
4659,Sergiy,Stakhovsky,1986-01-06,,UKR,,193.0,,R,1,True,2003.0,,"US$5,555,525",,Sergiy Stakhovsky,13469 days,,,31.0,2010-09-27,1263.0,2010-09-13,124.0,1777.0,44.0,2010-08-29,1947.0,2010-08-29,340.0,4.0,0.0,4,0,0,0,0,0,0
32802,Michail,Pervolarakis,1996-06-06,,CYP,,193.0,,R,2,True,,,"$29,228",,Michail Pervolarakis,9668 days,,,409.0,2020-02-10,86.0,2021-04-26,,,,,,,,0.0,0.0,0,0,0,0,0,0,0
5422,Prajnesh,Gunneswaran,1989-11-12,,IND,,188.0,,L,2,True,,,"$888,338",,Prajnesh Gunneswaran,12067 days,,,75.0,2019-04-22,748.0,2019-04-22,,,167.0,2019-03-18,1721.0,2019-03-18,,0.0,0.0,0,0,0,0,0,0,0
4467,Gilles,Simon,1984-12-27,,FRA,,183.0,,R,2,True,2002.0,,"US$15,632,686 38th all-time leader in earnings",,Gilles Simon,13843 days,,,6.0,2009-01-05,4170.0,2009-02-02,118.0,1790.0,9.0,2009-01-11,2124.0,2009-02-02,113.0,29.0,0.0,14,0,0,0,0,0,0
53678,Arthur,Cazaux,2002-08-23,,FRA,,,,R,2,True,,,"$69,445",,Arthur Cazaux,7402 days,,,299.0,2021-11-01,170.0,2021-11-01,,,,,,,,0.0,0.0,0,0,0,0,0,0,0
52539,Flavio,Cobolli,2002-05-06,,ITA,,,,R,2,True,,,"$54,337",,Flavio Cobolli,7509 days,,,219.0,2021-10-18,295.0,2021-10-18,,,,,,,,0.0,0.0,0,0,0,0,0,0,0
23847,Ernesto,Escobedo,1996-07-04,,USA,,185.0,,R,2,True,2014.0,,"$1,070,409",,Ernesto Escobedo,9640 days,,,67.0,2017-07-17,695.0,2017-06-19,116.0,1793.0,102.0,2017-04-17,1815.0,2017-04-17,,0.0,0.0,0,0,0,0,0,0,0
5057,Thomaz,Bellucci,1987-12-30,,BRA,,188.0,,L,2,True,2005.0,,"$5,353,273",,Thomaz Bellucci,12745 days,,,21.0,2010-07-26,1732.0,2010-07-26,,,33.0,2012-07-23,1996.0,2010-07-26,312.0,5.0,0.0,4,0,0,0,0,0,0
45070,Alexandar,Lazarov,1997-11-06,,BUL,,191.0,,R,1,True,2016.0,,"US$ 107,911",,Alexandar Lazarov,9153 days,,,460.0,2021-10-04,84.0,2021-08-30,,,,,,,,0.0,0.0,0,0,0,0,0,0,0
11426,Mikael,Torpegaard,1994-05-08,,DEN,,,,R,2,True,2018.0,,"US$ 259,199",,Mikael Torpegaard,10427 days,,,166.0,2020-01-06,376.0,2021-02-22,183.0,1647.0,175.0,2021-03-08,1670.0,2021-02-08,,0.0,0.0,0,0,0,0,0,0,0
45212,Kacper,Zuk,1999-01-21,,POL,,183.0,,R,2,True,2016.0,,"$136,082",,Kacper Zuk,8709 days,,,162.0,2021-09-13,439.0,2021-09-13,,,,,,,,0.0,0.0,0,0,0,0,0,0,0
45411,Sam,Riffice,1999-03-01,,USA,,188.0,,R,2,True,,,"$42,189",,Sam Riffice,8668 days,,,496.0,2019-07-01,47.0,2019-09-30,,,,,,,,0.0,0.0,0,0,0,0,0,0,0
4893,Matthias,Bachinger,1987-04-02,,GER,,188.0,,R,2,True,2005.0,,"$1,665,630",,Matthias Bachinger,13017 days,,,85.0,2011-08-15,625.0,2011-08-01,,,97.0,2020-09-14,1825.0,2019-02-25,,0.0,0.0,0,0,0,0,0,0,0
4994,Mischa,Zverev,1987-08-22,,GER,,191.0,,L,2,True,2005.0,,"US$5,734,809",,Mischa Zverev,12878 days,,,25.0,2017-07-24,1664.0,2017-09-25,,,37.0,2017-01-30,1968.0,2017-01-30,462.0,2.0,0.0,1,0,0,0,0,0,0
4716,Marcel,Granollers,1986-04-12,,ESP,,191.0,,R,2,True,2003.0,,"$11,367,338",,Marcel Granollers,13372 days,,,19.0,2012-07-23,1635.0,2012-07-16,,,29.0,2013-11-04,2004.0,2013-11-04,282.0,6.0,0.0,4,0,0,0,0,0,0
27560,Lukas,Klein,1998-03-22,,SVK,,193.0,,R,,True,,,"$138,139",,Lukas Klein,9013 days,,,236.0,2021-11-01,272.0,2021-06-28,,,,,,,,0.0,0.0,0,0,0,0,0,0,0
6288,Andrew,Harris,1994-03-07,,AUS,,,,R,,True,,,"US$ 288,384",,Andrew Harris,10488 days,,,159.0,2019-11-11,328.0,2019-11-04,,,,,,,,0.0,0.0,0,0,0,0,0,0,0
4865,James,Ward,1987-02-09,,GBR,,190.0,,R,2,True,2006.0,,"$1,544,846",,James Ward,13068 days,,,89.0,2015-07-13,573.0,2015-07-13,,,94.0,2011-06-13,1822.0,2011-06-13,,0.0,0.0,0,0,0,0,0,0,0
6409,Thanasi,Kokkinakis,1996-04-10,,AUS,,196.0,,R,2,True,2013.0,,"$$1,597,028",,Thanasi Kokkinakis,9724 days,,,69.0,2015-06-08,723.0,2015-06-22,110.0,1798.0,87.0,2015-06-28,1848.0,2017-08-07,,0.0,0.0,0,0,0,0,0,0,0
11174,Elias,Ymer,1996-04-10,,SWE,,180.0,,R,2,True,2014.0,,"$1,098,540",,Elias Ymer,9724 days,,,105.0,2018-06-11,534.0,2018-08-13,174.0,1696.0,145.0,2015-04-27,1740.0,2015-04-27,,0.0,0.0,0,0,0,0,0,0,0
52626,Dane,Sweeny,2001-02-12,,AUS,,,,R,,True,,,,,Dane Sweeny,7955 days,,,761.0,2020-08-24,22.0,2020-03-16,,,,,,,,0.0,0.0,0,0,0,0,0,0,0
5006,Illya,Marchenko,1987-09-08,,UKR,,185.0,,R,2,True,2006.0,,"US$2,193,661",,Illya Marchenko,12861 days,,,49.0,2016-09-26,905.0,2016-09-12,153.0,1731.0,71.0,2016-01-18,1865.0,2016-01-11,,0.0,0.0,0,0,0,0,0,0,0
11433,Quentin,Halys,1996-10-26,,FRA,,191.0,,R,2,True,2012.0,,"$1,199,277",,Quentin Halys,9529 days,,,102.0,2018-02-05,531.0,2018-02-05,187.0,1576.0,148.0,2016-06-20,1742.0,2016-06-06,,0.0,0.0,0,0,0,0,0,0,0
26376,Thomas,Fancutt,1995-02-25,,AUS,,188.0,,R,1,True,,,"$49,562",,Thomas Fancutt,10132 days,,,491.0,2019-01-28,56.0,2018-11-05,,,,,,,,0.0,0.0,0,0,0,0,0,0,0
6411,Blake,Mott,1996-04-21,,AUS,,,,R,2,True,,,"$196,346",,Blake Mott,9713 days,,,220.0,2017-06-12,239.0,2017-05-29,,,,,,,,0.0,0.0,0,0,0,0,0,0,0
3917,Nicolas,Mahut,1982-01-21,,FRA,,191.0,,R,1,True,2000.0,,"US$ 11,540,500",,Nicolas Mahut,14914 days,,,37.0,2014-05-05,1122.0,2017-01-09,,,35.0,2016-10-10,1970.0,2013-09-23,340.0,4.0,0.0,4,0,0,0,0,0,0
45126,Pavel,Kotov,1998-11-18,,RUS,,191.0,,R,2,True,,,"$104,282",,Pavel Kotov,8776 days,,,245.0,2020-01-06,244.0,2021-07-26,,,,,,,,0.0,0.0,0,0,0,0,0,0,0
24019,Alexandre,Muller,1997-02-01,,FRA,,183.0,,R,2,True,,,"$440,246",,Alexandre Muller,9428 days,,,189.0,2021-05-10,370.0,2021-05-10,,,,,,,,0.0,0.0,0,0,0,0,0,0,0
6057,Bernard,Tomic,1992-10-21,,AUS,,193.0,,R,2,True,2008.0,,"US$$6,261,477",,Bernard Tomic,10994 days,,,17.0,2016-01-11,1885.0,2016-02-29,,,21.0,2015-03-23,2037.0,2016-02-01,282.0,6.0,0.0,4,0,0,0,0,0,0
5044,Matthew,Ebden,1987-11-26,,AUS,,188.0,,R,2,True,2006.0,,"US$3,611,696",,Matthew Ebden,12783 days,,,39.0,2018-10-22,1134.0,2018-10-15,106.0,1806.0,54.0,2018-10-15,1913.0,2018-10-15,,0.0,0.0,0,0,0,0,0,0,0
21919,Dmitry,Popko,1996-10-24,,KAZ,,191.0,,R,2,True,,,"$427,435",,Dmitry Popko,9531 days,,,162.0,2021-10-25,435.0,2021-10-04,,,,,,,,0.0,0.0,0,0,0,0,0,0,0
6172,Jason,Kubler,1993-05-19,,AUS,,178.0,,R,2,True,2010.0,,"$599,175",,Jason Kubler,10781 days,,,91.0,2018-10-08,617.0,2018-09-10,,,,,,,,0.0,0.0,0,0,0,0,0,0,0
6279,Kimmer,Coppejans,1994-02-07,,BEL,,180.0,,R,2,True,,,"$614,439",,Kimmer Coppejans,10515 days,,,97.0,2015-06-22,534.0,2015-06-15,,,178.0,2019-09-09,1684.0,2019-06-10,,0.0,0.0,0,0,0,0,0,0,0
5219,Attila,Balazs,1988-09-27,,HUN,,182.0,,R,2,True,,,"$815,551",,Attila Balazs,12477 days,,,76.0,2020-03-02,784.0,2021-02-22,,,90.0,2020-03-02,1830.0,2020-02-24,,0.0,0.0,0,0,0,0,0,0,0
5986,Damir,Dzumhur,1992-05-20,,BIH,,175.0,,R,2,True,2011.0,,"US$4,476,733",,Damir Dzumhur,11145 days,,,23.0,2018-07-02,1665.0,2018-07-02,120.0,1784.0,32.0,2017-10-02,1994.0,2017-10-23,372.0,3.0,0.0,3,0,0,0,0,0,0
4894,Robin,Haase,1987-04-06,,NED,,190.0,,R,2,True,2005.0,,"$7,619,651",,Robin Haase,13013 days,,,33.0,2012-07-30,1220.0,2018-02-19,96.0,1828.0,44.0,2011-09-26,1946.0,2011-09-12,383.0,3.0,0.0,2,0,0,0,0,0,0
26143,Viktor,Durasovic,1997-03-19,,NOR,,185.0,,R,2,True,,,"$132,371",,Viktor Durasovic,9381 days,,,298.0,2019-10-14,140.0,2021-08-02,,,176.0,2021-03-08,1640.0,2020-03-13,,0.0,0.0,0,0,0,0,0,0,0
5743,Sandro,Ehrat,1991-04-18,,SUI,,180.0,,R,2,True,,,"$129,286",,Sandro Ehrat,11541 days,,,286.0,2019-09-09,149.0,2013-05-06,,,,,,,,0.0,0.0,0,0,0,0,0,0,0
45492,Jeffrey John,Wolf,1998-12-21,,USA,,,,R,2,True,2019.0,,"$353,116",,Jeffrey John Wolf,8739 days,,,120.0,2020-09-14,519.0,2020-11-02,,,,,,,,0.0,0.0,0,0,0,0,0,0,0
5827,Lorenzo,Giustino,1991-09-10,,ITA,,,,R,2,True,,,"$714,305",,Lorenzo Giustino,11399 days,,,127.0,2019-08-12,444.0,2021-02-22,,,,,,,,0.0,0.0,0,0,0,0,0,0,0
26358,Tung Lin,Wu,1998-05-12,,TPE,,188.0,,R,2,True,2016.0,,"$94,921",,Tung Lin Wu,8963 days,,,213.0,2020-02-10,274.0,2021-03-08,,,,,,,,0.0,0.0,0,0,0,0,0,0,0
54424,Leandro,Riedi,2002-01-27,,SUI,,,,R,,True,,,,,Leandro Riedi,7608 days,,,882.0,2020-11-16,15.0,2020-11-16,,,,,,,,0.0,0.0,0,0,0,0,0,0,0
46849,Petros,Tsitsipas,2000-07-27,,GRE,,,,,,True,,,,,Petros Tsitsipas,8158 days,,,960.0,2021-01-04,13.0,2021-01-04,,,,,,,,0.0,0.0,0,0,0,0,0,0,0
26007,Gerardo,Lopez Villasenor,1995-05-12,,MEX,,,,,,True,,,,,Gerardo Lopez Villasenor,10058 days,,,505.0,2020-02-17,57.0,2020-02-17,,,192.0,2021-07-31,1630.0,2021-07-26,,0.0,0.0,0,0,0,0,0,0,0
22411,Mubarak Shannan,Zayid,1995-04-14,,QAT,,,,,,True,,,,,Mubarak Shannan Zayid,10085 days,,,1159.0,2016-12-12,7.0,2016-12-12,,,,,,,,0.0,0.0,0,0,0,0,0,0,0
5863,Emilio,Gomez,1991-11-28,,ECU,,185.0,,R,2,True,,,"$ 476,486",,Emilio Gomez,11321 days,,,143.0,2019-10-14,467.0,2021-08-16,175.0,1688.0,152.0,2017-02-10,1744.0,2017-02-10,,0.0,0.0,0,0,0,0,0,0,0
45306,Rudolf,Molleker,2000-10-26,,GER,,185.0,,R,2,True,2017.0,,"$415,420",,Rudolf Molleker,8069 days,,,146.0,2019-07-29,382.0,2019-06-10,,,169.0,2019-07-29,1706.0,2019-07-29,,0.0,0.0,0,0,0,0,0,0,0
11127,Christopher,Eubanks,1996-05-05,,USA,,,,R,1,True,,,"$654,347",,Christopher Eubanks,9700 days,,,147.0,2019-04-15,385.0,2021-10-18,180.0,1659.0,179.0,2021-11-08,1662.0,2019-07-22,,0.0,0.0,0,0,0,0,0,0,0
6277,Luke,Saville,1994-02-01,,AUS,,188.0,,R,2,True,2012.0,,"$1,055,879",,Luke Saville,10523 days,,,152.0,2015-02-23,331.0,2015-02-23,,,,,,,,0.0,0.0,0,0,0,0,0,0,0
6269,Mitchell,Krueger,1994-01-12,,USA,,188.0,,R,2,True,2012.0,,"$820,175",,Mitchell Krueger,10543 days,,,147.0,2021-10-25,462.0,2021-09-20,,,180.0,2021-07-19,1681.0,2021-07-19,,0.0,0.0,0,0,0,0,0,0,0
6160,Gonzalo,Lama,1993-04-27,,CHI,,,,R,2,True,2013.0,,"$199,771",,Gonzalo Lama,10802 days,,,160.0,2016-06-20,348.0,2016-08-15,,,131.0,2016-07-22,1777.0,2016-07-22,,0.0,0.0,0,0,0,0,0,0,0
22510,Juan Pablo,Varillas Patino Samudio,1995-10-06,,PER,,,,R,2,True,2013.0,,"$221,314",,Juan Pablo Varillas Patino Samudio,9914 days,,,117.0,2021-09-27,691.0,2021-09-27,154.0,1731.0,144.0,2021-04-04,1741.0,2021-03-15,,0.0,0.0,0,0,0,0,0,0,0
11550,Stefan,Kozlov,1998-02-01,,USA,,183.0,,R,2,True,2013.0,,"$512,212",,Stefan Kozlov,9063 days,,,115.0,2017-02-20,509.0,2017-03-06,,,157.0,2017-06-26,1738.0,2017-06-26,,0.0,0.0,0,0,0,0,0,0,0
26430,Johan,Nikles,1997-03-23,,SUI,,173.0,,R,2,True,,,"$79,978",,Johan Nikles,9377 days,,,328.0,2021-10-04,147.0,2021-10-04,,,,,,,,0.0,0.0,0,0,0,0,0,0,0
5709,Andrey,Kuznetsov,1991-02-22,,RUS,,183.0,,R,2,True,2009.0,,"$2,866,103",,Andrey Kuznetsov,11595 days,,,39.0,2016-04-25,1093.0,2016-07-11,,,30.0,2016-09-23,1998.0,2016-09-23,,0.0,0.0,0,0,0,0,0,0,0
6030,Nicolas,Kicker,1992-08-16,,ARG,,,,R,1,True,2009.0,,"US$853,577",,Nicolas Kicker,11059 days,,,78.0,2017-06-12,684.0,2018-05-14,,,92.0,2017-07-31,1841.0,2017-07-31,,0.0,0.0,0,0,0,0,0,0,0
5629,Blaz,Rola,1990-10-05,,SLO,,193.0,,L,2,True,,,"$890,002",,Blaz Rola,11740 days,,,78.0,2015-01-05,669.0,2014-07-21,,,138.0,2015-06-07,1751.0,2014-07-07,,0.0,0.0,0,0,0,0,0,0,0
6061,Jozef,Kovalik,1992-11-04,,SVK,,182.0,,R,2,True,2010.0,,"$1,303,365",,Jozef Kovalik,10980 days,,,80.0,2018-10-22,701.0,2018-07-30,151.0,1735.0,119.0,2018-07-30,1806.0,2018-07-30,,0.0,0.0,0,0,0,0,0,0,0
5351,Jason,Jung,1989-06-15,,TPE,,178.0,,R,2,True,2011.0,,"$862,788",,Jason Jung,12214 days,,,114.0,2018-07-30,500.0,2021-01-04,166.0,1705.0,134.0,2020-02-17,1778.0,2020-02-17,,0.0,0.0,0,0,0,0,0,0,0
23846,Eduardo,Nava,1997-03-11,,USA,,,,R,,True,,,,,Eduardo Nava,9389 days,,,905.0,2015-04-27,15.0,2015-04-13,,,,,,,,0.0,0.0,0,0,0,0,0,0,0
45159,Trent,Bryde,1999-08-24,,USA,,,,R,,True,,,,,Trent Bryde,8496 days,,,625.0,2018-12-31,16.0,2018-11-19,,,,,,,,0.0,0.0,0,0,0,0,0,0,0
45238,August,Holmgren,1998-04-22,,DEN,,,,R,,True,,,,,August Holmgren,8982 days,,,1053.0,2019-10-21,7.0,2019-08-19,,,,,,,,0.0,0.0,0,0,0,0,0,0,0
47182,Alastair,Gray,1998-06-22,,GBR,,,,R,,True,,,,,Alastair Gray,8922 days,,,986.0,2017-10-30,11.0,2017-10-23,,,,,,,,0.0,0.0,0,0,0,0,0,0,0
52843,Alibek,Kachmazov,2002-08-17,,RUS,,,,,,True,,,,,Alibek Kachmazov,7408 days,,,782.0,2020-12-07,22.0,2020-12-07,,,,,,,,0.0,0.0,0,0,0,0,0,0,0
53705,Hamad,Medjedovic,,,SRB,,,,,,True,,,,,Hamad Medjedovic,,,,1318.0,2020-03-09,3.0,2020-03-09,,,,,,,,0.0,0.0,0,0,0,0,0,0,0
54430,Leo,Borg,2003-05-15,,SWE,,,,,,True,,,,,Leo Borg,7135 days,,,,,,,,,,,,,,0.0,0.0,0,0,0,0,0,0,0
54470,Lukas,Neumayer,,,AUT,,,,,,True,,,,,Lukas Neumayer,,,,1888.0,2021-01-25,1.0,2021-01-25,,,,,,,,0.0,0.0,0,0,0,0,0,0,0
54483,Marko,Topo,2003-09-13,,SRB,,,,,,True,,,,,Marko Topo,7016 days,,,1448.0,2020-10-19,2.0,2020-10-19,,,,,,,,0.0,0.0,0,0,0,0,0,0,0
52873,Zachary,Svajda,2002-11-29,,USA,,,,,,True,,,,,Zachary Svajda,7305 days,,,434.0,2021-10-04,90.0,2021-09-20,,,,,,,,0.0,0.0,0,0,0,0,0,0,0
6339,Pedja,Krstin,1994-09-03,,SRB,,183.0,,R,2,True,,,"$449,594",,Pedja Krstin,10311 days,,,159.0,2016-05-09,356.0,2016-04-04,,,,,,,,0.0,0.0,0,0,0,0,0,0,0
52222,Timofey,Skatov,2001-01-21,,RUS,,173.0,,R,2,True,,,"$55,508",,Timofey Skatov,7979 days,,,262.0,2021-11-08,229.0,2021-09-27,,,,,,,,0.0,0.0,0,0,0,0,0,0,0
5621,Mohamed,Safwat,1990-09-19,,EGY,,180.0,,R,2,True,2008.0,,"$ 809,919",,Mohamed Safwat,11755 days,,,130.0,2020-02-10,463.0,2021-01-25,,,176.0,2020-01-13,1694.0,2018-09-21,,0.0,0.0,0,0,0,0,0,0,0
45533,Nicolas,Mejia,2000-02-11,,COL,,185.0,,R,2,True,,,"$45,570",,Nicolas Mejia,8322 days,,,274.0,2021-10-25,206.0,2021-10-25,,,,,,,,0.0,0.0,0,0,0,0,0,0,0
52294,Facundo,Diaz Acosta,2000-12-15,,ARG,,183.0,,L,2,True,2018.0,,"$56,790",,Facundo Diaz Acosta,8015 days,,,338.0,2021-10-18,135.0,2021-10-18,,,,,,,,0.0,0.0,0,0,0,0,0,0,0
6354,Ramkumar,Ramanathan,1994-11-08,,IND,,188.0,,R,2,True,2009.0,,"$907,791",,Ramkumar Ramanathan,10246 days,,,111.0,2018-07-30,495.0,2018-04-23,167.0,1705.0,116.0,2018-07-23,1808.0,2018-07-23,,0.0,0.0,0,0,0,0,0,0,0
25923,Nino,Serdarusic,1996-12-13,,CRO,,191.0,,R,2,True,2014.0,,"$256,310",,Nino Serdarusic,9477 days,,,192.0,2018-08-06,300.0,2018-05-14,,,,,,,,0.0,0.0,0,0,0,0,0,0,0
5897,Andrea,Collarini,1992-01-31,,ARG,,185.0,,L,2,True,2010.0,,"$ 395,687",,Andrea Collarini,11254 days,,,186.0,2014-06-09,366.0,2021-08-09,,,,,,,,0.0,0.0,0,0,0,0,0,0,0
17199,Cem,Ilkel,1995-08-21,,TUR,,185.0,,R,2,True,2013.0,,"$506,698",,Cem Ilkel,9959 days,,,145.0,2021-11-08,467.0,2021-11-08,,,182.0,2020-01-13,1648.0,2017-02-10,,0.0,0.0,0,0,0,0,0,0,0
27140,Borna,Gojo,1998-02-27,,CRO,,196.0,,R,2,True,,,"$175,166",,Borna Gojo,9035 days,,,208.0,2021-09-20,319.0,2021-09-20,,,,,,,,0.0,0.0,0,0,0,0,0,0,0
5201,Ernests,Gulbis,1988-08-30,,LAT,,191.0,,R,2,True,2004.0,,"US$7,563,953",,Ernests Gulbis,12505 days,,,10.0,2014-06-09,2725.0,2014-06-09,,,10.0,2014-06-09,2167.0,2014-06-09,215.0,10.0,0.0,6,0,0,0,0,0,0
51385,Giulio,Zeppieri,2001-12-07,,ITA,,183.0,,L,2,True,2019.0,,"$87,561",,Giulio Zeppieri,7658 days,,,239.0,2021-11-01,265.0,2021-08-30,,,,,,,,0.0,0.0,0,0,0,0,0,0,0
5919,Roberto,Quiroz,1992-02-23,,ECU,,,,L,2,True,2014.0,,"$349,848",,Roberto Quiroz,11230 days,,,172.0,2019-03-18,311.0,2018-10-22,144.0,1743.0,136.0,2021-04-18,1749.0,2021-01-11,,0.0,0.0,0,0,0,0,0,0,0
11176,Hyeon,Chung,1996-05-19,,KOR,,188.0,,R,2,True,2014.0,,"US$3,690,947",,Hyeon Chung,9686 days,,,19.0,2018-04-02,1897.0,2018-04-02,,,21.0,2018-04-02,2049.0,2018-05-07,491.0,2.0,0.0,0,0,0,0,0,0,0
4914,Leonardo,Mayer,1987-05-15,,ARG,,191.0,,R,1,True,2003.0,,"US$7,035,089",,Leonardo Mayer,12975 days,,,21.0,2015-06-22,1605.0,2015-06-29,,,28.0,2014-08-11,1999.0,2014-09-19,325.0,5.0,0.0,2,0,0,0,0,0,0
5034,Lukas,Lacko,1987-11-03,,SVK,,185.0,,R,2,True,2005.0,,"US$3,496,356",,Lukas Lacko,12806 days,,,44.0,2013-01-14,917.0,2013-01-14,,,60.0,2012-02-06,1886.0,2012-02-06,,0.0,0.0,0,0,0,0,0,0,0
6044,Jack,Sock,1992-09-24,,USA,,185.0,,R,2,True,2011.0,,"US$11,047,624",,Jack Sock,11020 days,,,8.0,2017-11-20,3165.0,2017-11-20,66.0,1884.0,13.0,2017-03-20,2144.0,2017-04-03,212.0,10.0,0.0,4,1,0,0,0,1,0
33081,Yosuke,Watanuki,1998-04-12,,JPN,,178.0,,R,2,True,,,"$257,246",,Yosuke Watanuki,8992 days,,,171.0,2019-03-18,296.0,2019-03-04,,,,,,,,0.0,0.0,0,0,0,0,0,0,0
5333,Thomas,Fabbiano,1989-05-26,,ITA,,173.0,,R,2,True,2005.0,,"US$2,258,656",,Thomas Fabbiano,12234 days,,,70.0,2017-09-18,715.0,2017-09-25,142.0,1744.0,100.0,2019-07-15,1840.0,2019-07-15,,0.0,0.0,0,0,0,0,0,0,0
5991,Constant,Lestienne,1992-05-23,,FRA,,,,R,2,True,2012.0,,"$529,337",,Constant Lestienne,11142 days,,,142.0,2019-01-14,384.0,2019-01-07,,,,,,,,0.0,0.0,0,0,0,0,0,0,0
26647,Max,Purcell,1998-04-03,,AUS,,185.0,,R,2,True,,,"$ 696,852",,Max Purcell,9001 days,,,175.0,2021-10-18,404.0,2021-09-27,122.0,1780.0,121.0,2021-09-27,1788.0,2021-08-29,,0.0,0.0,0,0,0,0,0,0,0
10514,Kevin,King,1991-02-28,,USA,,190.0,,L,,True,,,"$311,198",,Kevin King,11589 days,,,162.0,2018-05-07,349.0,2018-05-07,,,,,,,,0.0,0.0,0,0,0,0,0,0,0
11769,Nicolas,Jarry,1995-10-11,,CHI,,198.0,,R,2,True,2014.0,,"US$2,177,245",,Nicolas Jarry,9909 days,,,38.0,2019-07-22,1135.0,2019-07-22,101.0,1820.0,45.0,2019-07-22,1939.0,2019-07-22,510.0,1.0,0.0,1,0,0,0,0,0,0
45336,Jurij,Rodionov,1999-05-16,,AUT,,191.0,,L,2,True,2017.0,,"$415,094",,Jurij Rodionov,8594 days,,,131.0,2021-10-25,579.0,2021-06-14,140.0,1748.0,118.0,2021-06-15,1790.0,2021-06-15,,0.0,0.0,0,0,0,0,0,0,0
44899,Yshai,Oliel,2000-01-05,,ISR,,,,L,2,True,,,"$10,406",,Yshai Oliel,8360 days,,,366.0,2021-11-08,117.0,2021-10-18,,,,,,,,0.0,0.0,0,0,0,0,0,0,0
5056,Andrea,Arnaboldi,1987-12-27,,ITA,,175.0,,L,1,True,2006.0,,"$872,675",,Andrea Arnaboldi,12748 days,,,153.0,2015-10-12,367.0,2015-10-26,,,146.0,2016-07-18,1751.0,2016-07-18,,0.0,0.0,0,0,0,0,0,0,0
26212,Hugo,Grenier,1996-03-23,,FRA,,196.0,,R,2,True,,,"$163,532",,Hugo Grenier,9742 days,,,183.0,2021-11-01,371.0,2021-10-18,,,,,,,,0.0,0.0,0,0,0,0,0,0,0
23628,Altug,Celikbilek,1996-09-07,,TUR,,183.0,,R,2,True,,,"$231,515",,Altug Celikbilek,9577 days,,,160.0,2021-11-01,428.0,2021-10-18,173.0,1698.0,158.0,2021-02-22,1711.0,2021-01-12,,0.0,0.0,0,0,0,0,0,0,0
5501,Alexander,Sarkissian,1990-04-03,,USA,,,,R,2,True,2014.0,,"$263,698",,Alexander Sarkissian,11921 days,,,157.0,2016-04-04,362.0,2016-04-04,,,,,,,,0.0,0.0,0,0,0,0,0,0,0
17201,Harry,Bourchier,1996-01-24,,AUS,,185.0,,R,2,True,,,"$153,136",,Harry Bourchier,9801 days,,,279.0,2020-01-13,145.0,2021-02-08,,,,,,,,0.0,0.0,0,0,0,0,0,0,0
53113,Dominic Stephan,Stricker,2002-08-16,,SUI,,,,L,2,True,,,"$71,630",,Dominic Stephan Stricker,7409 days,,,243.0,2021-11-08,240.0,2021-11-08,,,,,,,,0.0,0.0,0,0,0,0,0,0,0
11548,Sumit,Nagal,1997-08-16,,IND,,178.0,,R,2,True,2015.0,,"$556,964",,Sumit Nagal,9234 days,,,122.0,2020-08-24,548.0,2021-04-12,176.0,1688.0,159.0,2021-03-08,1706.0,2021-03-08,,0.0,0.0,0,0,0,0,0,0,0
51796,Emilio,Nava,2001-12-02,,USA,,183.0,,R,2,True,2018.0,,"US$44,411",,Emilio Nava,7667 days,,,332.0,2021-11-08,141.0,2021-11-08,,,,,,,,0.0,0.0,0,0,0,0,0,0,0
3333,Ivo,Karlovic,1979-02-28,,CRO,,211.0,,R,1,True,2000.0,,"US$10,151,122",,Ivo Karlovic,15969 days,,,14.0,2008-08-18,2295.0,2009-01-12,125.0,1771.0,17.0,2007-11-04,2061.0,2007-11-04,144.0,22.0,0.0,8,0,0,0,0,0,0
11483,Noah,Rubin,1996-02-21,,USA,,,,R,2,True,2015.0,,"$754,745",,Noah Rubin,9772 days,,,125.0,2018-10-08,456.0,2018-10-08,,,132.0,2018-08-13,1788.0,2018-08-06,,0.0,0.0,0,0,0,0,0,0,0
6096,Filip,Horansky,1993-01-07,,SVK,,191.0,,R,2,True,,,"$380,674",,Filip Horansky,10913 days,,,161.0,2019-05-20,413.0,2021-03-01,,,,,,,,0.0,0.0,0,0,0,0,0,0,0
5636,Cedrik Marcel,Stebe,1990-10-09,,GER,,183.0,,L,2,True,2010.0,,"$1,332,323",,Cedrik Marcel Stebe,11736 days,,,71.0,2012-02-13,688.0,2012-01-30,133.0,1759.0,85.0,2012-09-21,1834.0,2012-09-21,,0.0,0.0,0,0,0,0,0,0,0
11487,Thai Son,Kwiatkowski,1995-02-13,,USA,,,,R,2,True,2017.0,,"$ 363,218",,Thai Son Kwiatkowski,10144 days,,,181.0,2020-02-03,314.0,2021-05-24,,,,,,,,0.0,0.0,0,0,0,0,0,0,0
5430,John Patrick,Smith,1989-12-04,,AUS,,,,L,2,True,,,"$1,467,292",,John Patrick Smith,12045 days,,,108.0,2015-09-28,490.0,2015-09-14,,,168.0,2016-02-22,1708.0,2016-02-22,,0.0,0.0,0,0,0,0,0,0,0
32470,Nuno,Borges,1997-02-19,,POR,,185.0,,R,,True,,,"$79,188",,Nuno Borges,9408 days,,,256.0,2021-11-08,225.0,2021-09-13,,,,,,,,0.0,0.0,0,0,0,0,0,0,0
6274,Mathias,Bourgue,1994-01-18,,FRA,,188.0,,R,2,True,,,"$710,792",,Mathias Bourgue,10537 days,,,140.0,2017-04-24,415.0,2017-04-24,,,,,,,,0.0,0.0,0,0,0,0,0,0,0
44591,Marc Andrea,Huesler,1996-06-24,,SUI,,196.0,,L,2,True,2016.0,,"$174,902",,Marc Andrea Huesler,9650 days,,,142.0,2021-01-25,498.0,2021-04-12,161.0,1720.0,133.0,2021-04-04,1756.0,2020-11-16,,0.0,0.0,0,0,0,0,0,0,0
6314,Christian,Harrison,1994-05-29,,USA,,180.0,,R,2,True,2007.0,,"$442,368",,Christian Harrison,10406 days,,,198.0,2018-07-02,293.0,2018-07-23,158.0,1723.0,148.0,2021-03-01,1729.0,2021-01-11,,0.0,0.0,0,0,0,0,0,0,0
26648,Aleksandar,Vukic,1996-04-06,,AUS,,188.0,,R,2,True,,,"$295,611",,Aleksandar Vukic,9728 days,,,172.0,2021-11-08,399.0,2021-11-08,,,,,,,,0.0,0.0,0,0,0,0,0,0,0
4459,Dustin,Brown,1984-12-08,,GER,,196.0,,R,2,True,2002.0,,"US$3,032,697",,Dustin Brown,13862 days,,,64.0,2016-10-10,778.0,2016-10-03,,,51.0,2017-01-09,1916.0,2016-07-25,,0.0,0.0,0,0,0,0,0,0,0
6107,Taro,Daniel,1993-01-27,,JPN,,191.0,,R,2,True,,,"US$2,089,763",,Taro Daniel,10893 days,,,64.0,2018-08-27,834.0,2018-08-27,149.0,1736.0,77.0,2018-08-27,1882.0,2018-08-27,510.0,1.0,0.0,1,0,0,0,0,0,0
5929,Federico,Gaio,1992-03-05,,ITA,,180.0,,R,1,True,2009.0,,"$821,175",,Federico Gaio,11220 days,,,124.0,2020-02-03,548.0,2021-05-10,186.0,1627.0,183.0,2021-03-08,1634.0,2021-04-26,,0.0,0.0,0,0,0,0,0,0,0
5403,Andrej,Martin,1989-09-20,,SVK,,183.0,,R,2,True,2005.0,,"$ 1,320,907",,Andrej Martin,12119 days,,,93.0,2020-02-10,768.0,2021-04-12,129.0,1767.0,83.0,2016-08-15,1850.0,2016-08-15,,0.0,0.0,0,0,0,0,0,0,0
4794,Denis,Istomin,1986-09-07,,UZB,,188.0,,R,2,True,2004.0,,"US$ 6,173,069",,Denis Istomin,13227 days,,,33.0,2012-08-13,1217.0,2012-08-06,171.0,1700.0,31.0,2014-07-14,1987.0,2014-07-07,424.0,2.0,0.0,2,0,0,0,0,0,0
4291,Malek,Jaziri,1984-01-20,,TUN,,185.0,,R,2,True,2003.0,,"US$ 3,947,792",,Malek Jaziri,14185 days,,,42.0,2019-01-07,1042.0,2019-01-07,135.0,1757.0,52.0,2017-04-03,1922.0,2017-04-03,,0.0,0.0,0,0,0,0,0,0,0
6012,Yuki,Bhambri,1992-07-04,,IND,,183.0,,R,2,True,2008.0,,"US$913,713",,Yuki Bhambri,11100 days,,,83.0,2018-04-16,688.0,2018-04-16,,,103.0,2018-04-23,1830.0,2018-04-02,,0.0,0.0,0,0,0,0,0,0,0
4942,Marsel,Ilhan,1987-06-11,,TUR,,191.0,,R,2,True,2006.0,,"$1,380,682",,Marsel Ilhan,12948 days,,,77.0,2015-03-02,657.0,2015-07-13,,,98.0,2015-07-24,1822.0,2015-10-26,,0.0,0.0,0,0,0,0,0,0,0
4546,Horacio,Zeballos,1985-04-27,,ARG,,188.0,,L,1,True,2003.0,,"$5,674,791",,Horacio Zeballos,13722 days,,,39.0,2013-03-04,1027.0,2013-03-18,,,50.0,2017-06-12,1927.0,2017-06-12,462.0,2.0,0.0,1,0,0,0,0,0,0
45090,Zizou,Bergs,1999-06-03,,BEL,,185.0,,R,2,True,2018.0,,"$95,278",,Zizou Bergs,8576 days,,,186.0,2021-09-20,378.0,2021-10-18,,,,,,,,0.0,0.0,0,0,0,0,0,0,0
26008,Tommy,Paul,1997-05-17,,USA,,185.0,,R,2,True,2015.0,,"$1,593,830",,Tommy Paul,9323 days,43.0,1349.0,43.0,2021-11-15,1349.0,2021-11-15,40.0,1955.0,40.0,2021-11-14,1955.0,2021-11-14,510.0,1.0,0.0,1,0,0,0,0,0,0
44493,Jaume,Munar,1997-05-05,,ESP,,183.0,,R,2,True,2014.0,,"US$2,035,221",,Jaume Munar,9335 days,83.0,815.0,52.0,2019-05-20,1022.0,2021-07-12,162.0,1717.0,76.0,2019-05-06,1866.0,2019-04-29,,0.0,0.0,0,0,0,0,0,0,0
25931,Roman,Safiullin,1997-08-07,,RUS,,185.0,,R,2,True,2015.0,,"$455,094",,Roman Safiullin,9243 days,,,151.0,2021-10-04,470.0,2021-10-04,,,,,,,,0.0,0.0,0,0,0,0,0,0,0
6394,Mario,Vilella Martinez,1995-07-03,,ESP,,178.0,,R,2,True,,,"$506,316",,Mario Vilella Martinez,10006 days,,,158.0,2021-07-19,479.0,2021-07-19,145.0,1740.0,145.0,2021-11-08,1741.0,2021-08-02,,0.0,0.0,0,0,0,0,0,0,0
5515,Jan Lennard,Struff,1990-04-25,,GER,,193.0,,R,2,True,2009.0,,"US$6,978,075",,Jan Lennard Struff,11899 days,51.0,1134.0,29.0,2020-08-31,1545.0,2021-05-03,60.0,1895.0,24.0,2020-09-14,2037.0,2019-06-17,,0.0,0.0,0,0,0,0,0,0,0
11477,Enzo,Couacaud,1995-03-01,,FRA,,183.0,,R,2,True,2012.0,,"$310,515",,Enzo Couacaud,10128 days,,,164.0,2019-07-29,429.0,2021-06-14,,,,,,,,0.0,0.0,0,0,0,0,0,0,0
51544,Brandon,Nakashima,2001-08-03,,USA,,,,R,2,True,2019.0,,"$426,944",,Brandon Nakashima,7786 days,62.0,987.0,62.0,2021-11-15,992.0,2021-11-01,62.0,1892.0,61.0,2021-10-25,1892.0,2021-10-25,,0.0,0.0,0,0,0,0,0,0,0
5550,Alessandro,Giannessi,1990-05-30,,ITA,,185.0,,L,2,True,2008.0,,"$922,764",,Alessandro Giannessi,11865 days,,,84.0,2017-07-24,610.0,2017-07-24,172.0,1698.0,130.0,2017-07-31,1776.0,2017-07-24,,0.0,0.0,0,0,0,0,0,0,0
5953,Henri,Laaksonen,1992-03-31,,SUI,,185.0,,R,2,True,2009.0,,"US$1,632,200",,Henri Laaksonen,11194 days,97.0,751.0,93.0,2017-08-07,798.0,2021-10-04,86.0,1841.0,84.0,2019-06-17,1852.0,2019-06-10,,0.0,0.0,0,0,0,0,0,0,0
6202,Bjorn,Fratangelo,1993-07-19,,USA,,183.0,,R,2,True,2012.0,,"$1,286,362",,Bjorn Fratangelo,10721 days,,,99.0,2016-06-06,583.0,2016-06-06,128.0,1767.0,97.0,2016-08-29,1825.0,2017-09-11,,0.0,0.0,0,0,0,0,0,0,0
11164,Zhizhen,Zhang,1996-10-16,,CHN,,193.0,,R,2,True,2012.0,,"US$ 383,009",,Zhizhen Zhang,9539 days,,,136.0,2020-02-10,465.0,2021-07-19,,,154.0,2021-03-01,1737.0,2019-10-07,,0.0,0.0,0,0,0,0,0,0,0
34651,Tallon,Griekspoor,1996-07-02,,NED,,188.0,,R,2,True,2015.0,,"US$629,523",,Tallon Griekspoor,9642 days,65.0,966.0,65.0,2021-11-15,966.0,2021-11-15,132.0,1762.0,132.0,2021-10-18,1762.0,2021-09-13,,0.0,0.0,0,0,0,0,0,0,0
26338,Carlos,Taberner,1997-08-08,,ESP,,183.0,,R,2,True,2015.0,,"US $499,559",,Carlos Taberner,9242 days,99.0,745.0,93.0,2021-10-25,781.0,2021-10-25,136.0,1755.0,136.0,2021-11-08,1755.0,2021-10-18,,0.0,0.0,0,0,0,0,0,0,0
26326,Bernabe,Zapata Miralles,1997-01-12,,ESP,,185.0,,R,2,True,2015.0,,"$625,899",,Bernabe Zapata Miralles,9448 days,,,110.0,2021-08-02,753.0,2021-08-02,157.0,1723.0,144.0,2021-05-16,1743.0,2021-04-26,,0.0,0.0,0,0,0,0,0,0,0
6317,Christopher,Oconnell,1994-06-03,,AUS,,,,,,True,,,,,Christopher Oconnell,10401 days,,,111.0,2020-09-14,679.0,2021-08-02,147.0,1737.0,138.0,2021-03-15,1751.0,2021-03-15,,0.0,0.0,0,0,0,0,0,0,0
5466,Marco,Trungelliti,1990-01-31,,ARG,,,,R,2,True,2008.0,,"US$ 1,057,913",,Marco Trungelliti,11984 days,,,112.0,2019-03-04,517.0,2019-03-04,148.0,1736.0,120.0,2019-05-06,1794.0,2019-03-04,,0.0,0.0,0,0,0,0,0,0,0
5324,Benoit,Paire,1989-05-08,,FRA,,196.0,,R,2,True,2007.0,,"$ 8,780,918",,Benoit Paire,12252 days,47.0,1245.0,18.0,2016-01-11,1805.0,2021-04-05,111.0,1797.0,25.0,2016-01-11,2003.0,2016-01-11,315.0,5.0,0.0,3,0,0,0,0,0,0
5630,Federico,Delbonis,1990-10-05,,ARG,,193.0,,L,2,True,2007.0,,"US$4,992,551",,Federico Delbonis,11740 days,44.0,1327.0,33.0,2016-05-09,1435.0,2021-07-19,95.0,1831.0,41.0,2016-04-11,1953.0,2016-04-11,354.0,4.0,0.0,2,0,0,0,0,0,0
5539,Guido,Pella,1990-05-17,,ARG,,183.0,,L,2,True,2007.0,,"US$5,491,230",,Guido Pella,11878 days,75.0,866.0,20.0,2019-08-19,1735.0,2019-08-19,82.0,1844.0,29.0,2019-08-12,2009.0,2019-08-12,403.0,3.0,0.0,1,0,0,0,0,0,0
5349,John,Millman,1989-06-14,,AUS,,183.0,,R,2,True,2006.0,,"$4,554,409",,John Millman,12215 days,73.0,875.0,33.0,2018-10-15,1530.0,2021-08-16,67.0,1884.0,38.0,2018-09-10,1954.0,2018-09-10,403.0,3.0,0.0,1,0,0,0,0,0,0
5166,Adrian,Mannarino,1988-06-29,,FRA,,180.0,,L,2,True,2004.0,,"US$8,163,976",,Adrian Mannarino,12565 days,72.0,879.0,22.0,2018-03-19,1735.0,2018-03-19,83.0,1843.0,29.0,2018-01-15,2004.0,2018-01-29,462.0,2.0,0.0,1,0,0,0,0,0,0
5793,Pablo,Carreno Busta,1991-07-12,,ESP,,188.0,,R,2,True,2009.0,,"US$ 11,810,701",,Pablo Carreno Busta,11458 days,20.0,2230.0,10.0,2017-09-11,3325.0,2021-08-23,15.0,2059.0,10.0,2021-07-31,2121.0,2021-08-22,163.0,17.0,0.0,6,0,0,0,0,0,0
34553,Casper,Ruud,1998-12-22,,NOR,,183.0,,R,2,True,2015.0,,"US$3,855,671",,Casper Ruud,8738 days,8.0,3760.0,8.0,2021-10-25,3760.0,2021-11-08,9.0,2106.0,9.0,2021-11-08,2106.0,2021-11-08,224.0,9.0,0.0,6,0,0,0,0,0,0
6123,Tristan,Lamasine,1993-03-05,,FRA,,183.0,,R,2,True,2010.0,,"$459,429",,Tristan Lamasine,10855 days,,,181.0,2015-08-03,296.0,2016-07-18,,,,,,,,0.0,0.0,0,0,0,0,0,0,0
5934,Federico,Coria,1992-03-09,,ARG,,180.0,,R,2,True,2010.0,,"$ 1,124,404",,Federico Coria,11216 days,69.0,906.0,61.0,2021-08-23,1063.0,2021-07-19,119.0,1785.0,95.0,2021-07-26,1827.0,2021-07-19,,0.0,0.0,0,0,0,0,0,0,0
6214,Juan Ignacio,Londero,1993-08-15,,ARG,,180.0,,R,2,True,2010.0,,"US$ 1,870,817",,Juan Ignacio Londero,10695 days,,,50.0,2019-11-11,1017.0,2019-10-14,181.0,1652.0,59.0,2019-09-09,1901.0,2019-09-09,510.0,1.0,0.0,1,0,0,0,0,0,0
11429,Mackenzie,Mcdonald,1995-04-16,,USA,,178.0,,R,2,True,2016.0,,"$2,092,543",,Mackenzie Mcdonald,10083 days,55.0,1089.0,54.0,2021-11-01,1117.0,2021-10-18,69.0,1883.0,54.0,2021-10-18,1910.0,2021-10-18,617.0,1.0,0.0,0,0,0,0,0,0,0
45437,Alexei,Popyrin,1999-08-05,,AUS,,196.0,,R,2,True,2017.0,,"US$1,345,160",,Alexei Popyrin,8515 days,61.0,1000.0,59.0,2021-11-08,1052.0,2021-05-10,63.0,1891.0,52.0,2021-04-04,1916.0,2021-05-09,510.0,1.0,0.0,1,0,0,0,0,0,0
6134,Roberto,Carballes Baena,1993-03-23,,ESP,,183.0,,R,2,True,2011.0,,"US$2,315,747",,Roberto Carballes Baena,10837 days,71.0,882.0,71.0,2021-11-15,882.0,2021-10-18,94.0,1832.0,81.0,2020-10-12,1854.0,2020-10-12,510.0,1.0,0.0,1,0,0,0,0,0,0
10580,Dennis,Novak,1993-08-28,,AUT,,183.0,,R,2,True,2011.0,,"US$1,434,732",,Dennis Novak,10682 days,,,85.0,2020-03-02,785.0,2021-03-01,155.0,1730.0,115.0,2018-10-22,1802.0,2018-09-21,,0.0,0.0,0,0,0,0,0,0,0
45148,Emil,Ruusuvuori,1999-04-02,,FIN,,188.0,,R,2,True,2018.0,,"US$1,035,807",,Emil Ruusuvuori,8637 days,92.0,778.0,66.0,2021-08-30,1018.0,2021-08-30,78.0,1854.0,70.0,2021-10-25,1877.0,2021-09-27,,0.0,0.0,0,0,0,0,0,0,0
44668,Corentin,Moutet,1999-04-19,,FRA,,175.0,,L,2,True,2016.0,,"$1,571,047",,Corentin Moutet,8620 days,88.0,797.0,67.0,2021-05-03,1002.0,2021-05-03,85.0,1842.0,58.0,2021-05-09,1901.0,2021-05-03,,0.0,0.0,0,0,0,0,0,0,0
5148,Pedro,Sousa,1988-05-27,,POR,,180.0,,R,2,True,2007.0,,"$884,504",,Pedro Sousa,12598 days,,,99.0,2019-02-18,726.0,2021-05-24,184.0,1641.0,148.0,2018-11-19,1757.0,2018-07-23,,0.0,0.0,0,0,0,0,0,0,0
6315,Thiago,Monteiro,1994-05-31,,BRA,,183.0,,L,2,True,2011.0,,"US$ 2,143,349",,Thiago Monteiro,10404 days,94.0,773.0,74.0,2017-02-27,954.0,2021-03-01,130.0,1766.0,81.0,2021-03-15,1846.0,2021-03-08,,0.0,0.0,0,0,0,0,0,0,0
26042,Arthur,Rinderknech,1995-07-23,,FRA,,196.0,,R,2,True,2018.0,,"$718,823",,Arthur Rinderknech,9987 days,58.0,1029.0,58.0,2021-11-15,1029.0,2021-11-15,81.0,1849.0,81.0,2021-08-02,1849.0,2021-11-14,,0.0,0.0,0,0,0,0,0,0,0
6085,Salvatore,Caruso,1992-12-15,,ITA,,185.0,,R,2,True,2011.0,,"US$ 1,719,306",,Salvatore Caruso,10935 days,,,76.0,2020-11-16,928.0,2021-04-19,179.0,1670.0,97.0,2020-09-21,1819.0,2020-09-21,,0.0,0.0,0,0,0,0,0,0,0
5601,Norbert,Gombos,1990-08-13,,SVK,,193.0,,R,2,True,2009.0,,"$1,743,817",,Norbert Gombos,11792 days,,,80.0,2017-10-02,912.0,2021-05-31,126.0,1767.0,88.0,2020-11-16,1837.0,2020-11-09,,0.0,0.0,0,0,0,0,0,0,0
24020,Reilly,Opelka,1997-08-28,,USA,,,,R,2,True,2015.0,,"US$ 2,898,354",,Reilly Opelka,9222 days,26.0,1936.0,19.0,2021-09-13,2341.0,2021-08-16,37.0,1964.0,28.0,2021-09-13,1987.0,2021-09-13,325.0,5.0,0.0,2,0,0,0,0,0,0
6220,Aslan,Karatsev,1993-09-04,,RUS,,185.0,,R,2,True,2013.0,,"US$1,749,185",,Aslan Karatsev,10675 days,17.0,2370.0,15.0,2021-11-08,2392.0,2021-10-25,39.0,1960.0,26.0,2021-05-30,1996.0,2021-05-16,325.0,5.0,0.0,2,0,0,0,0,0,0
44829,Ugo,Humbert,1998-06-26,,FRA,,188.0,,L,2,True,2016.0,,"US$2,148,616",,Ugo Humbert,8918 days,35.0,1558.0,25.0,2021-06-21,2270.0,2021-06-21,38.0,1962.0,25.0,2021-01-11,2002.0,2020-11-09,345.0,4.0,0.0,3,0,0,0,0,0,0
45045,Alejandro,Davidovich Fokina,1999-06-05,,ESP,,183.0,,R,2,True,2019.0,,"US$1,746,603",,Alejandro Davidovich Fokina,8574 days,50.0,1160.0,32.0,2021-08-30,1723.0,2021-06-14,50.0,1925.0,24.0,2021-06-13,1998.0,2021-06-13,617.0,1.0,0.0,0,0,0,0,0,0,0
5367,Peter,Gojowczyk,1989-07-15,,GER,,188.0,,R,2,True,2006.0,,"US$3,226,256",,Peter Gojowczyk,12185 days,85.0,808.0,39.0,2018-06-25,1175.0,2018-05-28,70.0,1879.0,44.0,2018-02-26,1935.0,2018-02-26,510.0,1.0,0.0,1,0,0,0,0,0,0
45105,Alex,De Minaur,1999-02-17,,AUS,,183.0,,R,2,True,2015.0,,"US$ $5,271,997",,Alex De Minaur,8680 days,34.0,1561.0,15.0,2021-06-28,2690.0,2021-06-28,46.0,1933.0,18.0,2021-01-12,2061.0,2020-09-14,243.0,8.0,0.0,5,0,0,0,0,0,0
5918,Nikoloz,Basilashvili,1992-02-23,,GEO,,185.0,,R,2,True,2008.0,,"$6,267,088",,Nikoloz Basilashvili,11230 days,22.0,2101.0,16.0,2019-05-27,2101.0,2021-11-01,36.0,1966.0,30.0,2019-01-07,1990.0,2019-01-07,216.0,10.0,0.0,5,0,0,0,0,0,0
50810,Jannik,Sinner,2001-08-16,,ITA,,188.0,,R,2,True,2018.0,,"US$ 2,944,206",,Jannik Sinner,7774 days,11.0,3150.0,9.0,2021-11-01,3395.0,2021-11-01,13.0,2070.0,11.0,2021-10-25,2092.0,2021-11-01,228.0,9.0,0.0,5,0,0,0,0,0,0
5070,Albert,Ramos,1988-01-17,,ESP,,188.0,,L,2,True,2007.0,,"US$8,162,087",,Albert Ramos,12728 days,45.0,1294.0,17.0,2017-05-08,2180.0,2017-05-08,76.0,1857.0,25.0,2017-05-01,2014.0,2017-05-01,290.0,6.0,0.0,3,0,0,0,0,0,0
5663,David,Goffin,1990-12-07,,BEL,,180.0,,R,2,True,2009.0,,"US$15,201,381 39th all-time in earnings",,David Goffin,11673 days,39.0,1476.0,7.0,2017-11-20,3775.0,2017-11-20,52.0,1919.0,8.0,2018-05-21,2165.0,2017-12-01,124.0,26.0,0.0,5,0,0,0,0,0,0
3852,Feliciano,Lopez,1981-09-20,,ESP,,188.0,,L,1,True,1997.0,,"US$18,179,330  30th all-time leader in earnings",,Feliciano Lopez,15039 days,,,12.0,2015-03-02,2415.0,2015-03-23,137.0,1751.0,16.0,2014-10-12,2074.0,2014-10-12,139.0,23.0,0.0,7,0,0,0,0,0,0
36221,Dominik,Koepfer,1994-04-29,,GER,,180.0,,L,2,True,2016.0,,"US$1,722,888",,Dominik Koepfer,10435 days,54.0,1101.0,50.0,2021-05-10,1207.0,2021-05-10,54.0,1910.0,53.0,2021-08-29,1911.0,2021-08-29,,0.0,0.0,0,0,0,0,0,0,0
6031,Denis,Kudla,1992-08-17,,USA,,180.0,,R,2,True,2010.0,,"US$ $3,185,747",,Denis Kudla,11058 days,,,53.0,2016-05-23,858.0,2016-06-06,102.0,1820.0,80.0,2021-08-22,1855.0,2018-09-10,,0.0,0.0,0,0,0,0,0,0,0
22139,Botic,Van De Zandschulp,1995-10-04,,NED,,188.0,,R,2,True,2013.0,,"$911,174",,Botic Van De Zandschulp,9915 days,57.0,1034.0,57.0,2021-11-15,1034.0,2021-11-15,56.0,1902.0,56.0,2021-11-14,1902.0,2021-11-14,617.0,1.0,0.0,0,0,0,0,0,0,0
6200,Oscar,Otte,1993-07-16,,GER,,193.0,,R,,True,2011.0,,"$1,052,011",,Oscar Otte,10724 days,,,125.0,2021-11-08,582.0,2021-11-01,84.0,1842.0,83.0,2021-11-08,1843.0,2021-09-13,,0.0,0.0,0,0,0,0,0,0,0
5543,Daniel,Evans,1990-05-23,,GBR,,175.0,,R,1,True,2006.0,,"US$ 3,840,680",,Daniel Evans,11872 days,25.0,1942.0,22.0,2021-09-27,2195.0,2021-05-17,41.0,1953.0,25.0,2021-02-08,2002.0,2021-02-08,462.0,2.0,0.0,1,0,0,0,0,0,0
26010,Frances,Tiafoe,1998-01-20,,USA,,188.0,,R,2,True,2015.0,,"$4,011,695",,Frances Tiafoe,9075 days,38.0,1492.0,29.0,2019-02-11,1492.0,2021-11-15,29.0,2000.0,26.0,2021-11-01,2008.0,2021-11-01,403.0,3.0,0.0,1,0,0,0,0,0,0
45446,Sebastian,Korda,2000-07-05,,USA,,196.0,,R,2,True,2018.0,,"$1,176,911",,Sebastian Korda,8180 days,41.0,1426.0,38.0,2021-10-18,1474.0,2021-11-01,42.0,1953.0,36.0,2021-08-22,1966.0,2021-08-22,510.0,1.0,0.0,1,0,0,0,0,0,0
11547,Karen,Khachanov,1996-05-21,,RUS,,198.0,,R,2,True,2013.0,,"US$9,847,132",,Karen Khachanov,9684 days,29.0,1731.0,8.0,2019-07-15,2990.0,2019-10-14,26.0,2009.0,10.0,2019-02-08,2137.0,2018-11-05,188.0,13.0,0.0,4,1,0,0,0,1,0
33214,Denis,Shapovalov,1999-04-15,,CAN,,185.0,,L,1,True,2017.0,,"US$ 6,391,083",,Denis Shapovalov,8624 days,14.0,2475.0,10.0,2020-09-21,3625.0,2021-07-12,27.0,2002.0,15.0,2021-07-12,2075.0,2020-01-13,222.0,10.0,0.0,1,0,0,0,0,0,0
27834,Hubert,Hurkacz,1997-02-11,,POL,,196.0,,R,2,True,2015.0,,"US$4,247,663",,Hubert Hurkacz,9416 days,9.0,3706.0,9.0,2021-11-08,3706.0,2021-11-08,16.0,2055.0,16.0,2021-11-14,2055.0,2021-11-08,212.0,10.0,0.0,4,1,0,0,0,1,0
6412,Christian,Garin,1996-05-30,,CHI,,185.0,,R,2,True,2011.0,,"US$ 3,407,304",,Christian Garin,9675 days,18.0,2353.0,17.0,2021-09-13,2610.0,2021-07-12,45.0,1941.0,26.0,2021-06-13,2010.0,2021-07-12,279.0,6.0,0.0,5,0,0,0,0,0,0
25930,Benjamin,Bonzi,1996-06-09,,FRA,,185.0,,R,2,True,2015.0,,"$888,229",,Benjamin Bonzi,9665 days,64.0,969.0,60.0,2021-11-01,1024.0,2021-09-20,169.0,1702.0,152.0,2021-03-15,1728.0,2021-03-15,,0.0,0.0,0,0,0,0,0,0,0
26754,Soon Woo,Kwon,1997-12-02,,KOR,,180.0,,R,2,True,2015.0,,"$1,440,467",,Soon Woo Kwon,9127 days,53.0,1115.0,52.0,2021-11-01,1117.0,2021-09-27,68.0,1883.0,58.0,2021-09-27,1895.0,2021-09-27,510.0,1.0,0.0,1,0,0,0,0,0,0
25952,Gianluca,Mager,1994-12-01,,ITA,,188.0,,R,2,True,2013.0,,"$1,125,597",,Gianluca Mager,10223 days,63.0,978.0,63.0,2021-11-15,990.0,2021-08-02,121.0,1783.0,102.0,2021-10-18,1817.0,2021-10-18,617.0,1.0,0.0,0,0,0,0,0,0,0
22171,Alexander,Bublik,1997-06-17,,KAZ,,196.0,,R,2,True,2016.0,,"$2,398,478",,Alexander Bublik,9292 days,36.0,1538.0,34.0,2021-09-13,1721.0,2021-07-12,59.0,1897.0,41.0,2021-05-09,1946.0,2021-05-09,,0.0,0.0,0,0,0,0,0,0,0
5370,Aljaz,Bedene,1989-07-18,,SLO,,183.0,,R,2,True,2008.0,,"$4,771,942",,Aljaz Bedene,12182 days,,,43.0,2018-02-19,1169.0,2021-07-12,61.0,1893.0,42.0,2018-05-21,1939.0,2018-05-21,,0.0,0.0,0,0,0,0,0,0,0
5856,Yannick,Hanfmann,1991-11-13,,GER,,193.0,,R,2,True,2015.0,,"US$ 1,083,655",,Yannick Hanfmann,11336 days,,,92.0,2021-05-17,822.0,2021-05-03,107.0,1804.0,87.0,2021-05-30,1836.0,2021-05-03,,0.0,0.0,0,0,0,0,0,0,0
25959,Antonie,Hoang,1995-11-04,,FRA,,,,R,,True,,,,,Antonie Hoang,9885 days,,,98.0,2019-08-19,575.0,2021-01-25,134.0,1758.0,97.0,2019-09-23,1830.0,2019-09-09,,0.0,0.0,0,0,0,0,0,0,0
6020,Yasutaka,Uchiyama,1992-08-05,,JPN,,183.0,,R,2,True,,,"$1,076,296",,Yasutaka Uchiyama,11070 days,,,78.0,2019-11-04,735.0,2021-04-05,185.0,1627.0,145.0,2019-10-07,1763.0,2019-10-07,,0.0,0.0,0,0,0,0,0,0,0
6282,Gregoire,Barrere,1994-02-16,,FRA,,183.0,,R,2,True,2012.0,,"$1,433,813",,Gregoire Barrere,10506 days,,,80.0,2019-10-07,665.0,2020-02-17,143.0,1744.0,104.0,2021-03-08,1810.0,2020-02-10,,0.0,0.0,0,0,0,0,0,0,0
6051,Marco,Cecchinato,1992-09-30,,ITA,,185.0,,R,1,True,2010.0,,"$ 4,077,216",,Marco Cecchinato,11014 days,96.0,759.0,16.0,2019-02-25,2091.0,2019-02-18,108.0,1799.0,39.0,2018-07-23,1953.0,2018-07-23,315.0,5.0,0.0,3,0,0,0,0,0,0
4311,Andreas,Seppi,1984-02-21,,ITA,,191.0,,R,2,True,2002.0,,"US$ 11,061,850",,Andreas Seppi,14152 days,100.0,744.0,18.0,2013-01-28,1895.0,2013-04-08,112.0,1795.0,21.0,2015-08-03,2030.0,2013-07-08,315.0,5.0,0.0,3,0,0,0,0,0,0
5565,Vasek,Pospisil,1990-06-23,,CAN,,194.0,,R,2,True,2007.0,,"US$ 6,554,486",,Vasek Pospisil,11841 days,,,25.0,2014-01-27,1359.0,2014-01-27,55.0,1903.0,30.0,2021-02-08,1987.0,2020-11-16,419.0,3.0,0.0,0,0,0,0,0,0,0
4868,Jeremy,Chardy,1987-02-12,,FRA,,187.0,,R,2,True,2005.0,,"$10,199,513",,Jeremy Chardy,13065 days,,,25.0,2013-01-28,1486.0,2013-07-08,47.0,1932.0,23.0,2015-09-14,2016.0,2015-09-14,403.0,3.0,0.0,1,0,0,0,0,0,0
5922,Filip,Krajinovic,1992-02-27,,SRB,,185.0,,R,2,True,2008.0,,"US$ 4,576,021",,Filip Krajinovic,11226 days,42.0,1402.0,26.0,2018-04-23,1724.0,2021-07-19,58.0,1900.0,25.0,2020-08-31,2033.0,2020-09-21,419.0,3.0,0.0,0,0,0,0,0,0,0
5303,Joao,Sousa,1989-03-30,,POR,,185.0,,R,2,True,2008.0,,"US$ 7,143,163",,Joao Sousa,12290 days,,,28.0,2016-05-16,1355.0,2016-07-11,188.0,1573.0,32.0,2016-02-01,1974.0,2016-02-01,372.0,3.0,0.0,3,0,0,0,0,0,0
26006,Taylor Harry,Fritz,1997-10-28,,USA,,,,R,2,True,2015.0,,"US$ 4,213,109",,Taylor Harry Fritz,9162 days,23.0,2050.0,23.0,2021-11-08,2050.0,2021-11-08,25.0,2012.0,25.0,2021-11-08,2020.0,2021-11-08,362.0,4.0,0.0,1,0,0,0,0,0,0
11787,Cameron,Norrie,1995-08-23,,GBR,,188.0,,L,2,True,2017.0,,"$3,348,751",,Cameron Norrie,9957 days,12.0,2945.0,12.0,2021-11-08,2945.0,2021-11-08,12.0,2072.0,12.0,2021-11-14,2077.0,2021-10-18,277.0,6.0,0.0,2,1,0,0,0,1,0
6196,Jiri,Vesely,1993-07-10,,CZE,,198.0,,L,2,True,2009.0,,"US$ 4,392,327",,Jiri Vesely,10730 days,82.0,822.0,35.0,2015-04-27,1125.0,2015-05-18,114.0,1794.0,38.0,2017-08-07,1952.0,2017-06-12,424.0,2.0,0.0,2,0,0,0,0,0,0
4229,Yen Hsun,Lu,1983-08-14,,TPE,,180.0,,R,2,True,2001.0,,"$5,114,400",,Yen Hsun Lu,14346 days,,,33.0,2010-11-01,1244.0,2009-01-05,178.0,1683.0,50.0,2014-08-24,1922.0,2014-08-24,617.0,1.0,0.0,0,0,0,0,0,0,0
5209,Yuichi,Sugita,1988-09-18,,JPN,,175.0,,R,2,True,,,"$2,786,528",,Yuichi Sugita,12486 days,,,36.0,2017-10-09,1240.0,2018-03-05,156.0,1727.0,43.0,2017-10-23,1933.0,2017-10-23,510.0,1.0,0.0,1,0,0,0,0,0,0
5420,Radu,Albot,1989-11-11,,MDA,,175.0,,R,2,True,2008.0,,"US$ 4,051,962",,Radu Albot,12068 days,,,39.0,2019-08-05,1137.0,2019-08-19,139.0,1748.0,45.0,2019-04-01,1936.0,2019-05-27,510.0,1.0,0.0,1,0,0,0,0,0,0
5055,Mikhail,Kukushkin,1987-12-26,,KAZ,,183.0,,R,2,True,2006.0,,"US$ 6,266,440",,Mikhail Kukushkin,12749 days,,,39.0,2019-02-25,1075.0,2019-02-25,131.0,1762.0,41.0,2019-02-25,1943.0,2019-02-25,510.0,1.0,0.0,1,0,0,0,0,0,0
4921,Fabio,Fognini,1987-05-24,,ITA,,178.0,,R,2,True,2004.0,,"US$15,592,392 36th all-time leader in earnings",,Fabio Fognini,12966 days,37.0,1494.0,9.0,2019-07-15,2920.0,2019-05-13,53.0,1915.0,14.0,2014-04-11,2112.0,2014-04-20,155.0,18.0,0.0,9,1,0,0,0,1,0
5016,Sam,Querrey,1987-10-07,,USA,,198.0,,R,2,True,2006.0,,"US$ 12,702,816",,Sam Querrey,12833 days,,,11.0,2018-02-26,2595.0,2018-02-19,77.0,1855.0,18.0,2013-04-21,2068.0,2013-04-12,160.0,17.0,0.0,10,0,0,0,0,0,0
6029,Diego Sebastian,Schwartzman,1992-08-16,,ARG,,170.0,,R,2,True,2010.0,,"US$10,131,026",,Diego Sebastian Schwartzman,11059 days,13.0,2625.0,8.0,2020-10-12,3765.0,2021-04-26,19.0,2046.0,11.0,2020-11-02,2097.0,2020-11-09,180.0,15.0,0.0,4,0,0,0,0,0,0
4654,Pablo,Cuevas,1986-01-01,,URU,,180.0,,R,1,True,2004.0,,"US$9,380,133",,Pablo Cuevas,13473 days,95.0,760.0,19.0,2016-08-15,1865.0,2017-05-22,105.0,1814.0,26.0,2016-05-09,2004.0,2017-05-15,224.0,9.0,0.0,6,0,0,0,0,0,0
9038,Daniel,Masur,1994-06-11,,GER,,183.0,,R,2,True,2013.0,,"$414,003",,Daniel Masur,10393 days,,,202.0,2021-07-12,345.0,2021-07-12,,,,,,,,0.0,0.0,0,0,0,0,0,0,0
44416,Marcelo Tomas,Barrios Vera,1997-12-10,,CHI,,191.0,,R,2,True,2019.0,,"$258,732",,Marcelo Tomas Barrios Vera,9115 days,,,141.0,2021-11-08,479.0,2021-11-01,,,,,,,,0.0,0.0,0,0,0,0,0,0,0
4728,Kevin,Anderson,1986-05-18,,RSA,,203.0,,R,2,True,2007.0,,"US$17,526,008 32nd all-time leader in earnings",,Kevin Anderson,13337 days,79.0,829.0,5.0,2018-07-16,4845.0,2019-01-28,30.0,1992.0,6.0,2019-04-15,2181.0,2019-01-07,119.0,27.0,0.0,7,0,0,0,0,0,0
23912,Pedro,Martinez Portero,1997-04-26,,ESP,,183.0,,R,2,True,2016.0,,"US$1,594,142",,Pedro Martinez Portero,9343 days,60.0,1001.0,58.0,2021-10-25,1061.0,2021-10-25,71.0,1879.0,63.0,2021-10-25,1886.0,2021-10-25,,0.0,0.0,0,0,0,0,0,0,0
21372,Mats,Moraing,1992-06-20,,GER,,198.0,,L,2,True,2013.0,,"$453,766",,Mats Moraing,11114 days,,,148.0,2018-07-30,433.0,2021-10-18,,,,,,,,0.0,0.0,0,0,0,0,0,0,0
6204,Marcos,Giron,1993-07-24,,USA,,,,R,2,True,2014.0,,"$1,222,692",,Marcos Giron,10716 days,66.0,929.0,56.0,2021-10-04,1077.0,2021-10-04,48.0,1930.0,47.0,2021-11-08,1930.0,2021-11-08,,0.0,0.0,0,0,0,0,0,0,0
46888,Sebastian,Baez,2000-12-28,,ARG,,170.0,,R,2,True,,,"$91,687",,Sebastian Baez,8002 days,,,111.0,2021-11-01,706.0,2021-10-25,,,,,,,,0.0,0.0,0,0,0,0,0,0,0
11415,Jordan,Thompson,1994-04-20,,AUS,,183.0,,R,2,True,2013.0,,"$3,401,895",,Jordan Thompson,10444 days,77.0,860.0,43.0,2019-07-15,1113.0,2021-02-08,73.0,1863.0,57.0,2021-07-26,1908.0,2019-07-01,,0.0,0.0,0,0,0,0,0,0,0
6064,Egor,Gerasimov,1992-11-11,,BLR,,196.0,,R,2,True,2010.0,,"US$1,634,699",,Egor Gerasimov,10973 days,,,65.0,2020-02-24,950.0,2021-04-26,100.0,1821.0,46.0,2021-03-08,1932.0,2020-03-13,,0.0,0.0,0,0,0,0,0,0,0
44481,Mikael,Ymer,1998-09-09,,SWE,,183.0,,R,2,True,2015.0,,"$1,329,977",,Mikael Ymer,8845 days,91.0,782.0,67.0,2020-03-02,981.0,2021-08-30,74.0,1863.0,57.0,2021-08-29,1903.0,2021-08-29,,0.0,0.0,0,0,0,0,0,0,0
32067,Lorenzo,Sonego,1995-05-11,,ITA,,191.0,,R,2,True,2013.0,,"$2,462,915",,Lorenzo Sonego,10059 days,27.0,1825.0,21.0,2021-10-04,2227.0,2021-08-23,44.0,1946.0,25.0,2021-05-24,1996.0,2021-05-16,354.0,4.0,0.0,2,0,0,0,0,0,0
5571,Dusan,Lajovic,1990-06-30,,SRB,,183.0,,R,1,True,2007.0,,"US$ 6,844,789",,Dusan Lajovic,11834 days,33.0,1591.0,23.0,2019-04-29,1895.0,2021-03-15,91.0,1838.0,35.0,2019-04-22,1962.0,2019-04-22,403.0,3.0,0.0,1,0,0,0,0,0,0
11485,Laslo,Djere,1995-06-02,,SRB,,188.0,,R,2,True,2013.0,,"US$ 3,047,683",,Laslo Djere,10037 days,52.0,1131.0,27.0,2019-06-10,1342.0,2021-07-26,90.0,1838.0,53.0,2021-07-26,1917.0,2021-07-26,383.0,3.0,0.0,2,0,0,0,0,0,0
5902,Marton,Fucsovics,1992-02-08,,HUN,,188.0,,R,2,True,2009.0,,"US$4,582,210",,Marton Fucsovics,11245 days,40.0,1459.0,31.0,2019-03-04,1659.0,2021-07-12,43.0,1949.0,21.0,2021-04-04,2018.0,2021-07-12,403.0,3.0,0.0,1,0,0,0,0,0,0
5801,Tennys,Sandgren,1991-07-22,,USA,,,,R,2,True,2011.0,,"US$3,357,562",,Tennys Sandgren,11448 days,93.0,773.0,41.0,2019-01-14,1091.0,2021-02-08,103.0,1816.0,48.0,2020-08-31,1940.0,2020-08-31,403.0,3.0,0.0,1,0,0,0,0,0,0
44524,Lloyd George Muirhead,Harris,1997-02-24,,RSA,,193.0,,R,2,True,2015.0,,"$2,454,145",,Lloyd George Muirhead Harris,9403 days,31.0,1644.0,31.0,2021-09-13,1758.0,2021-09-13,35.0,1981.0,30.0,2021-09-13,1988.0,2021-10-25,491.0,2.0,0.0,0,0,0,0,0,0,0
52602,Carlos,Alcaraz Garfia,2003-05-05,,ESP,,185.0,,R,2,True,2018.0,,"$1,089,590",,Carlos Alcaraz Garfia,7145 days,32.0,1612.0,32.0,2021-11-08,1612.0,2021-11-08,33.0,1986.0,33.0,2021-11-08,1986.0,2021-11-08,462.0,2.0,0.0,1,0,0,0,0,0,0
44999,Miomir,Kecmanovic,1999-08-31,,SRB,,183.0,,R,2,True,2017.0,,"US$2,494,846",,Miomir Kecmanovic,8489 days,68.0,916.0,38.0,2021-03-08,1458.0,2021-03-08,113.0,1794.0,44.0,2020-09-14,1958.0,2020-09-14,510.0,1.0,0.0,1,0,0,0,0,0,0
25608,Ilya,Ivashka,1994-02-24,,BLR,,193.0,,R,2,True,2013.0,,"US$1,573,659",,Ilya Ivashka,10498 days,46.0,1254.0,43.0,2021-10-18,1370.0,2021-09-27,32.0,1987.0,29.0,2021-09-13,1987.0,2021-11-08,510.0,1.0,0.0,1,0,0,0,0,0,0
5131,Roberto,Bautista Agut,1988-04-14,,ESP,,183.0,,R,2,True,2005.0,,"US$14,690,334",,Roberto Bautista Agut,12640 days,19.0,2260.0,9.0,2019-11-04,3215.0,2021-05-17,34.0,1982.0,9.0,2019-07-15,2135.0,2016-10-17,149.0,20.0,0.0,9,0,0,0,0,0,0
26413,Matteo,Berrettini,1996-04-12,,ITA,,196.0,,R,2,True,2015.0,,"US$ 7,605,702",,Matteo Berrettini,9722 days,7.0,4568.0,7.0,2021-09-13,5533.0,2021-08-09,7.0,2152.0,7.0,2021-07-12,2173.0,2021-09-13,158.0,18.0,0.0,5,0,0,0,0,0,0
45063,Vit,Kopriva,1997-06-15,,CZE,,178.0,,R,2,True,2015.0,,"$116,031",,Vit Kopriva,9294 days,,,192.0,2021-11-08,359.0,2021-08-16,,,,,,,,0.0,0.0,0,0,0,0,0,0,0
44824,Felix,Auger Aliassime,2000-08-08,,CAN,,193.0,,R,2,True,2017.0,,"US$ 5,068,274",,Felix Auger Aliassime,8147 days,10.0,3308.0,10.0,2021-11-15,3368.0,2021-09-13,20.0,2041.0,15.0,2021-09-13,2057.0,2021-09-13,309.0,6.0,0.0,0,0,0,0,0,0,0
45206,Hugo,Gaston,2000-09-26,,FRA,,173.0,,L,2,True,2018.0,,"$653,210",,Hugo Gaston,8098 days,67.0,919.0,67.0,2021-11-08,919.0,2021-11-08,64.0,1891.0,64.0,2021-11-14,1891.0,2021-11-08,,0.0,0.0,0,0,0,0,0,0,0
51827,Duje,Ajdukovic,2001-02-05,,CRO,,185.0,,R,2,True,2018.0,,"$61,691",,Duje Ajdukovic,7962 days,,,250.0,2021-11-01,255.0,2021-08-23,,,,,,,,0.0,0.0,0,0,0,0,0,0,0
11766,Kamil,Majchrzak,1996-01-13,,POL,,180.0,,R,2,True,2014.0,,"$1,225,381",,Kamil Majchrzak,9812 days,,,83.0,2019-09-23,747.0,2021-06-21,165.0,1710.0,128.0,2019-09-09,1779.0,2019-09-09,,0.0,0.0,0,0,0,0,0,0,0
11546,Jc,Aragone,1995-06-28,,USA,,,,R,2,True,2017.0,,"$259,946",,Jc Aragone,10011 days,,,223.0,2018-12-24,235.0,2018-10-15,,,,,,,,0.0,0.0,0,0,0,0,0,0,0
44919,Nicola,Kuhn,2000-03-20,,ESP,,185.0,,R,2,True,2017.0,,"$304,647",,Nicola Kuhn,8285 days,,,174.0,2019-10-07,292.0,2018-04-16,177.0,1685.0,175.0,2021-07-31,1685.0,2021-07-19,,0.0,0.0,0,0,0,0,0,0,0
53858,Tristan,Schoolkate,2001-02-26,,AUS,,,,R,,True,,,,,Tristan Schoolkate,7941 days,,,794.0,2020-02-03,18.0,2020-02-03,,,,,,,,0.0,0.0,0,0,0,0,0,0,0
5891,Danilo,Petrovic,1992-01-24,,SRB,,203.0,,R,2,True,,,"US$ 404,619",,Danilo Petrovic,11261 days,,,137.0,2020-10-19,474.0,2021-05-03,,,,,,,,0.0,0.0,0,0,0,0,0,0,0
46842,Thiago Agustin,Tirante,2001-04-10,,ARG,,188.0,,R,2,True,,,"$54,803",,Thiago Agustin Tirante,7899 days,,,204.0,2021-09-27,331.0,2021-10-18,,,,,,,,0.0,0.0,0,0,0,0,0,0,0
44642,Tomas Martin,Etcheverry,1999-07-18,,ARG,,196.0,,R,2,True,,,"$190,280",,Tomas Martin Etcheverry,8532 days,,,129.0,2021-11-08,568.0,2021-09-13,,,,,,,,0.0,0.0,0,0,0,0,0,0,0
6184,Hugo,Dellien,1993-06-16,,BOL,,180.0,,R,2,True,2009.0,,"US$ 1,180,815",,Hugo Dellien,10753 days,,,72.0,2020-01-13,743.0,2019-11-11,163.0,1715.0,127.0,2019-09-23,1781.0,2019-09-20,,0.0,0.0,0,0,0,0,0,0,0
5938,Renzo,Olivo,1992-03-15,,ARG,,180.0,,R,2,True,2009.0,,"US$1,024,486",,Renzo Olivo,11210 days,,,78.0,2017-01-09,693.0,2017-01-16,,,108.0,2016-02-15,1805.0,2016-02-15,,0.0,0.0,0,0,0,0,0,0,0
3893,Paolo,Lorenzi,1981-12-15,,ITA,,183.0,,R,2,True,2003.0,,"$5,175,934",,Paolo Lorenzi,14950 days,,,33.0,2017-05-15,1223.0,2017-07-17,,,64.0,2016-10-31,1896.0,2017-09-11,510.0,1.0,0.0,1,0,0,0,0,0,0
4920,Novak,Djokovic,1987-05-22,,SRB,"Belgrade, Serbia",188.0,77.0,R,2,True,2003.0,Marian Vajda and Goran Ivanisevic,"US$153,120,635 All-time leader in earnings","Nole, Djoker",Novak Djokovic,12968 days,1.0,10940.0,1.0,2011-07-04,16950.0,2016-06-06,1.0,2416.0,1.0,2011-03-21,2629.0,2016-02-01,1.0,964.0,347.0,86,62,20,5,0,37,0
4269,Fernando,Verdasco,1983-11-15,,ESP,,188.0,,L,2,True,2001.0,,"US$17,909,872 31th all-time leader in earnings",,Fernando Verdasco,14254 days,,,7.0,2009-04-20,3900.0,2009-05-11,87.0,1841.0,7.0,2009-05-04,2204.0,2010-05-02,139.0,23.0,0.0,7,0,0,0,0,0,0
44855,Lucas,Catarina,1996-08-26,,MON,,,,R,2,True,2015.0,,"$152,359",,Lucas Catarina,9589 days,,,341.0,2018-06-11,135.0,2018-06-11,,,,,,,,0.0,0.0,0,0,0,0,0,0,0
6267,Liam,Broady,1994-01-04,,GBR,,,,L,2,True,2014.0,,"US$ 933,914",,Liam Broady,10550 days,,,121.0,2021-11-01,618.0,2021-09-27,123.0,1778.0,122.0,2021-10-18,1779.0,2021-07-31,,0.0,0.0,0,0,0,0,0,0,0
5396,Roberto,Marcora,1989-08-30,,ITA,,193.0,,R,1,True,2009.0,,"$394,349",,Roberto Marcora,12140 days,,,150.0,2020-02-17,375.0,2021-03-01,,,,,,,,0.0,0.0,0,0,0,0,0,0,0
31718,Andrea,Vavassori,1995-05-05,,ITA,,193.0,,R,1,True,,,"$340,047",,Andrea Vavassori,10065 days,,,278.0,2020-02-10,180.0,2021-11-08,,,,,,,,0.0,0.0,0,0,0,0,0,0,0
44758,Ergi,Kirkin,1999-01-27,,TUR,,182.0,,R,2,True,,,"$52,814",,Ergi Kirkin,8703 days,,,301.0,2021-11-01,169.0,2021-10-04,,,,,,,,0.0,0.0,0,0,0,0,0,0,0
25988,Evgeny,Tyurnev,1997-04-08,,RUS,,,,R,2,True,,,"$152,910",,Evgeny Tyurnev,9361 days,,,293.0,2021-03-15,185.0,2021-04-26,,,,,,,,0.0,0.0,0,0,0,0,0,0,0
6095,Alex,Bolt,1993-01-05,,AUS,,,,L,2,True,2011.0,,"US$1,149,397",,Alex Bolt,10915 days,,,125.0,2019-03-04,564.0,2021-07-26,88.0,1839.0,81.0,2021-07-31,1846.0,2021-07-12,,0.0,0.0,0,0,0,0,0,0,0
26959,Daniel,Altmaier,1998-09-12,,GER,,191.0,,R,1,True,2014.0,,"$571,292",,Daniel Altmaier,8842 days,98.0,745.0,98.0,2021-11-15,753.0,2021-08-23,97.0,1826.0,97.0,2021-11-01,1826.0,2021-10-18,,0.0,0.0,0,0,0,0,0,0,0
46887,Francisco,Cerundolo,1998-08-13,,ARG,,185.0,,R,2,True,2016.0,,"$365,541",,Francisco Cerundolo,8872 days,,,103.0,2021-09-20,758.0,2021-08-09,182.0,1651.0,147.0,2021-04-04,1739.0,2021-03-15,,0.0,0.0,0,0,0,0,0,0,0
17203,Marc,Polmans,1997-05-02,,AUS,,188.0,,R,2,True,,,"US$1,146,392",,Marc Polmans,9337 days,,,116.0,2020-10-12,546.0,2021-01-04,168.0,1704.0,156.0,2021-01-11,1739.0,2020-10-12,,0.0,0.0,0,0,0,0,0,0,0
52132,Lorenzo,Musetti,2002-03-03,,ITA,,185.0,,R,1,True,2019.0,,"US$ 651,329",,Lorenzo Musetti,7571 days,59.0,1004.0,57.0,2021-09-13,1120.0,2021-06-14,80.0,1850.0,43.0,2021-06-15,1942.0,2021-06-13,,0.0,0.0,0,0,0,0,0,0,0
52292,Juan Manuel,Cerundolo,2001-11-15,,ARG,,183.0,,L,2,True,2018.0,,"$178,820",,Juan Manuel Cerundolo,7684 days,89.0,795.0,85.0,2021-11-01,819.0,2021-11-01,,,,,,,510.0,1.0,0.0,1,0,0,0,0,0,0
5375,Donald,Young,1989-07-23,,USA,,183.0,,L,2,True,2004.0,,"$4,666,809",,Donald Young,12177 days,,,38.0,2012-02-27,1039.0,2012-02-27,,,34.0,2017-04-03,1976.0,2017-04-03,,0.0,0.0,0,0,0,0,0,0,0
4742,Rafael,Nadal,1986-06-03,,ESP,"Manacor, Mallorca, Spain",185.0,85.0,L,2,True,2001.0,Carlos Moya,"US$124,961,595 3rd all-time leader in earnings","Rafa, Bull",Rafael Nadal,13321 days,6.0,4875.0,1.0,2008-08-18,15390.0,2009-04-20,2.0,2357.0,1.0,2008-06-16,2552.0,2013-09-09,3.0,846.0,209.0,88,57,20,0,0,36,1
6387,Nick,Kyrgios,1995-04-27,,AUS,"Canberra, Australia",193.0,85.0,R,2,True,2013.0,Sebastien Grosjean,"US$8,987,950",Wild Thing,Nick Kyrgios,10072 days,90.0,793.0,13.0,2016-10-24,2460.0,2016-10-10,22.0,2032.0,10.0,2017-04-14,2176.0,2017-05-15,170.0,16.0,0.0,6,0,0,0,0,0,0
6284,Lucas,Pouille,1994-02-23,,FRA,"Grande-Synthe, France",185.0,81.0,R,2,True,2012.0,Amlie Mauresmo,"US$7,852,982",,Lucas Pouille,10499 days,,,10.0,2018-03-19,2746.0,2017-05-01,89.0,1839.0,20.0,2016-09-26,2069.0,2017-05-01,176.0,15.0,0.0,5,0,0,0,0,0,0
4677,Viktor,Troicki,1986-02-10,,SRB,"Belgrade, Serbia",193.0,86.0,R,2,True,2006.0,Jack Reader,"US$ 9,265,938",,Viktor Troicki,13432 days,,,12.0,2011-06-06,2015.0,2011-08-15,115.0,1793.0,15.0,2011-04-03,2091.0,2011-04-17,290.0,6.0,0.0,3,0,0,0,0,0,0
6418,Borna,Coric,1996-11-14,,CRO,,188.0,,R,2,True,2013.0,,"$8,509,168",,Borna Coric,9510 days,74.0,874.0,12.0,2018-11-05,2695.0,2019-03-04,31.0,1991.0,13.0,2019-01-07,2102.0,2019-03-04,236.0,9.0,0.0,2,0,0,0,0,0,0
644,Alexander,Zverev,1997-04-20,,GER,"Hamburg, Germany",198.0,86.0,R,2,True,2013.0,Mischa Zverev,"US$26,797,250 12th all-time in earnings",Sascha,Alexander Zverev,9349 days,3.0,6540.0,3.0,2017-11-06,8240.0,2021-08-23,4.0,2270.0,4.0,2021-08-22,2270.0,2021-11-01,40.0,93.0,0.0,18,7,0,1,0,5,1
6401,Yoshihito,Nishioka,1995-09-27,,JPN,,170.0,,L,2,True,,,"$3,355,218",,Yoshihito Nishioka,9922 days,80.0,823.0,48.0,2020-02-24,1177.0,2021-07-12,99.0,1821.0,33.0,2020-02-24,1977.0,2020-02-24,510.0,1.0,0.0,1,0,0,0,0,0,0
5763,Grigor,Dimitrov,1991-05-16,,BUL,"Haskovo, Bulgaria",191.0,80.0,R,1,True,2008.0,Dante Bottini,"US$19,948,017",,Grigor Dimitrov,11514 days,28.0,1801.0,3.0,2017-11-20,5150.0,2017-11-20,23.0,2028.0,6.0,2018-01-29,2203.0,2018-02-19,87.0,41.0,0.0,8,2,0,1,0,1,0
10756,Joao Lucas,Magalhaes Hueb De Menezes,1996-12-17,,BRA,,,,R,,True,,,,,Joao Lucas Magalhaes Hueb De Menezes,9473 days,,,172.0,2020-02-17,357.0,2021-05-10,,,,,,,,0.0,0.0,0,0,0,0,0,0,0
11427,Li,Tu,1996-05-27,,AUS,,,,,,True,,,,,Li Tu,9678 days,,,1188.0,2014-11-10,6.0,2014-06-23,,,,,,,,0.0,0.0,0,0,0,0,0,0,0
5438,Steve,Johnson,1989-12-24,,USA,,188.0,,R,2,True,2012.0,,"US$7,061,559",,Steve Johnson,12021 days,84.0,812.0,21.0,2016-07-25,1680.0,2016-07-25,75.0,1859.0,21.0,2017-04-17,2042.0,2017-06-12,312.0,5.0,0.0,4,0,0,0,0,0,0
